/*
Navicat MySQL Data Transfer

Source Server         : test
Source Server Version : 80025
Source Host           : localhost:3306
Source Database       : guli

Target Server Type    : MYSQL
Target Server Version : 80025
File Encoding         : 65001

Date: 2021-06-27 10:11:17
*/

SET FOREIGN_KEY_CHECKS=0;

-- ----------------------------
-- Table structure for `acl_permission`
-- ----------------------------
DROP TABLE IF EXISTS `acl_permission`;
CREATE TABLE `acl_permission` (
  `id` char(19) NOT NULL DEFAULT '' COMMENT '编号',
  `pid` char(19) NOT NULL DEFAULT '' COMMENT '所属上级',
  `name` varchar(20) NOT NULL DEFAULT '' COMMENT '名称',
  `type` tinyint NOT NULL DEFAULT '0' COMMENT '类型(1:菜单,2:按钮)',
  `permission_value` varchar(50) DEFAULT NULL COMMENT '权限值',
  `path` varchar(100) DEFAULT NULL COMMENT '访问路径',
  `component` varchar(100) DEFAULT NULL COMMENT '组件路径',
  `icon` varchar(50) DEFAULT NULL COMMENT '图标',
  `status` tinyint DEFAULT NULL COMMENT '状态(0:禁止,1:正常)',
  `is_deleted` tinyint unsigned NOT NULL DEFAULT '0' COMMENT '逻辑删除 1（true）已删除， 0（false）未删除',
  `gmt_create` datetime DEFAULT NULL COMMENT '创建时间',
  `gmt_modified` datetime DEFAULT NULL COMMENT '更新时间',
  PRIMARY KEY (`id`),
  KEY `idx_pid` (`pid`)
) ENGINE=MyISAM DEFAULT CHARSET=utf8mb3;

-- ----------------------------
-- Records of acl_permission
-- ----------------------------
INSERT INTO `acl_permission` VALUES ('1', '0', '全部数据', '0', null, null, null, null, null, '0', '2019-11-15 17:13:06', '2019-11-15 17:13:06');
INSERT INTO `acl_permission` VALUES ('1195268474480156673', '1', '权限管理', '1', null, '/acl', 'Layout', null, null, '0', '2019-11-15 17:13:06', '2019-11-18 13:54:25');
INSERT INTO `acl_permission` VALUES ('1195268616021139457', '1195268474480156673', '用户管理', '1', null, 'user/list', '/acl/user/list', null, null, '0', '2019-11-15 17:13:40', '2019-11-18 13:53:12');
INSERT INTO `acl_permission` VALUES ('1195268788138598401', '1195268474480156673', '角色管理', '1', null, 'role/list', '/acl/role/list', null, null, '0', '2019-11-15 17:14:21', '2019-11-15 17:14:21');
INSERT INTO `acl_permission` VALUES ('1195268893830864898', '1195268474480156673', '菜单管理', '1', null, 'menu/list', '/acl/menu/list', null, null, '0', '2019-11-15 17:14:46', '2019-11-15 17:14:46');
INSERT INTO `acl_permission` VALUES ('1195269143060602882', '1195268616021139457', '查看', '2', 'user.list', '', '', null, null, '0', '2019-11-15 17:15:45', '2019-11-17 21:57:16');
INSERT INTO `acl_permission` VALUES ('1195269295926206466', '1195268616021139457', '添加', '2', 'user.add', 'user/add', '/acl/user/form', null, null, '0', '2019-11-15 17:16:22', '2019-11-15 17:16:22');
INSERT INTO `acl_permission` VALUES ('1195269473479483394', '1195268616021139457', '修改', '2', 'user.update', 'user/update/:id', '/acl/user/form', null, null, '0', '2019-11-15 17:17:04', '2019-11-15 17:17:04');
INSERT INTO `acl_permission` VALUES ('1195269547269873666', '1195268616021139457', '删除', '2', 'user.remove', '', '', null, null, '0', '2019-11-15 17:17:22', '2019-11-15 17:17:22');
INSERT INTO `acl_permission` VALUES ('1195269821262782465', '1195268788138598401', '修改', '2', 'role.update', 'role/update/:id', '/acl/role/form', null, null, '0', '2019-11-15 17:18:27', '2019-11-15 17:19:53');
INSERT INTO `acl_permission` VALUES ('1195269903542444034', '1195268788138598401', '查看', '2', 'role.list', '', '', null, null, '0', '2019-11-15 17:18:47', '2019-11-15 17:18:47');
INSERT INTO `acl_permission` VALUES ('1195270037005197313', '1195268788138598401', '添加', '2', 'role.add', 'role/add', '/acl/role/form', null, null, '0', '2019-11-15 17:19:19', '2019-11-18 11:05:42');
INSERT INTO `acl_permission` VALUES ('1195270442602782721', '1195268788138598401', '删除', '2', 'role.remove', '', '', null, null, '0', '2019-11-15 17:20:55', '2019-11-15 17:20:55');
INSERT INTO `acl_permission` VALUES ('1195270621548568578', '1195268788138598401', '角色权限', '2', 'role.acl', 'role/distribution/:id', '/acl/role/roleForm', null, null, '0', '2019-11-15 17:21:38', '2019-11-15 17:21:38');
INSERT INTO `acl_permission` VALUES ('1195270744097742849', '1195268893830864898', '查看', '2', 'permission.list', '', '', null, null, '0', '2019-11-15 17:22:07', '2019-11-15 17:22:07');
INSERT INTO `acl_permission` VALUES ('1195270810560684034', '1195268893830864898', '添加', '2', 'permission.add', '', '', null, null, '0', '2019-11-15 17:22:23', '2019-11-15 17:22:23');
INSERT INTO `acl_permission` VALUES ('1195270862100291586', '1195268893830864898', '修改', '2', 'permission.update', '', '', null, null, '0', '2019-11-15 17:22:35', '2019-11-15 17:22:35');
INSERT INTO `acl_permission` VALUES ('1195270887933009922', '1195268893830864898', '删除', '2', 'permission.remove', '', '', null, null, '0', '2019-11-15 17:22:41', '2019-11-15 17:22:41');
INSERT INTO `acl_permission` VALUES ('1195349439240048642', '1', '讲师管理', '1', null, '/teacher', 'Layout', null, null, '0', '2019-11-15 22:34:49', '2019-11-15 22:34:49');
INSERT INTO `acl_permission` VALUES ('1195349699995734017', '1195349439240048642', '讲师列表', '1', null, 'list', '/edu/teacher/list', null, null, '0', '2019-11-15 22:35:52', '2019-11-15 22:35:52');
INSERT INTO `acl_permission` VALUES ('1195349810561781761', '1195349439240048642', '添加讲师', '1', null, 'add', '/edu/teacher/save', null, null, '0', '2019-11-15 22:36:18', '2019-11-15 22:36:18');
INSERT INTO `acl_permission` VALUES ('1195349876252971010', '1195349810561781761', '添加', '2', 'teacher.add', '', '', null, null, '0', '2019-11-15 22:36:34', '2019-11-15 22:36:34');
INSERT INTO `acl_permission` VALUES ('1195349979797753857', '1195349699995734017', '查看', '2', 'teacher.list', '', '', null, null, '0', '2019-11-15 22:36:58', '2019-11-15 22:36:58');
INSERT INTO `acl_permission` VALUES ('1195350117270261762', '1195349699995734017', '修改', '2', 'teacher.update', 'edit/:id', '/edu/teacher/save', null, null, '0', '2019-11-15 22:37:31', '2019-11-15 22:37:31');
INSERT INTO `acl_permission` VALUES ('1195350188359520258', '1195349699995734017', '删除', '2', 'teacher.remove', '', '', null, null, '0', '2019-11-15 22:37:48', '2019-11-15 22:37:48');
INSERT INTO `acl_permission` VALUES ('1195350299365969922', '1', '课程分类', '1', null, '/subject', 'Layout', null, null, '0', '2019-11-15 22:38:15', '2019-11-15 22:38:15');
INSERT INTO `acl_permission` VALUES ('1195350397751758850', '1195350299365969922', '课程分类列表', '1', null, 'list', '/edu/subject/list', null, null, '0', '2019-11-15 22:38:38', '2019-11-15 22:38:38');
INSERT INTO `acl_permission` VALUES ('1195350500512206850', '1195350299365969922', '导入课程分类', '1', null, 'import', '/edu/subject/import', null, null, '0', '2019-11-15 22:39:03', '2019-11-15 22:39:03');
INSERT INTO `acl_permission` VALUES ('1195350612172967938', '1195350397751758850', '查看', '2', 'subject.list', '', '', null, null, '0', '2019-11-15 22:39:29', '2019-11-15 22:39:29');
INSERT INTO `acl_permission` VALUES ('1195350687590748161', '1195350500512206850', '导入', '2', 'subject.import', '', '', null, null, '0', '2019-11-15 22:39:47', '2019-11-15 22:39:47');
INSERT INTO `acl_permission` VALUES ('1195350831744782337', '1', '课程管理', '1', null, '/course', 'Layout', null, null, '0', '2019-11-15 22:40:21', '2019-11-15 22:40:21');
INSERT INTO `acl_permission` VALUES ('1195350919074385921', '1195350831744782337', '课程列表', '1', null, 'list', '/edu/course/list', null, null, '0', '2019-11-15 22:40:42', '2019-11-15 22:40:42');
INSERT INTO `acl_permission` VALUES ('1195351020463296513', '1195350831744782337', '添加课程', '1', null, 'add', '/edu/course/info', null, null, '0', '2019-11-15 22:41:06', '2019-11-15 22:41:06');
INSERT INTO `acl_permission` VALUES ('1195351159672246274', '1195350919074385921', '完成发布', '2', 'course.publish', 'publish/:id', '/edu/course/publish', null, null, '0', '2019-11-15 22:41:40', '2019-11-15 22:44:01');
INSERT INTO `acl_permission` VALUES ('1195351326706208770', '1195350919074385921', '编辑课程', '2', 'course.update', 'info/:id', '/edu/course/info', null, null, '0', '2019-11-15 22:42:19', '2019-11-15 22:42:19');
INSERT INTO `acl_permission` VALUES ('1195351566221938690', '1195350919074385921', '编辑课程大纲', '2', 'chapter.update', 'chapter/:id', '/edu/course/chapter', null, null, '0', '2019-11-15 22:43:17', '2019-11-15 22:43:17');
INSERT INTO `acl_permission` VALUES ('1195351862889254913', '1', '统计分析', '1', null, '/sta', 'Layout', null, null, '0', '2019-11-15 22:44:27', '2019-11-15 22:44:27');
INSERT INTO `acl_permission` VALUES ('1195351968841568257', '1195351862889254913', '生成统计', '1', null, 'create', '/sta/create', null, null, '0', '2019-11-15 22:44:53', '2019-11-15 22:44:53');
INSERT INTO `acl_permission` VALUES ('1195352054917074946', '1195351862889254913', '统计图表', '1', null, 'show', '/sta/show', null, null, '0', '2019-11-15 22:45:13', '2019-11-15 22:45:13');
INSERT INTO `acl_permission` VALUES ('1195352127734386690', '1195352054917074946', '查看', '2', 'daily.list', '', '', null, null, '0', '2019-11-15 22:45:30', '2019-11-15 22:45:30');
INSERT INTO `acl_permission` VALUES ('1195352215768633346', '1195351968841568257', '生成', '2', 'daily.add', '', '', null, null, '0', '2019-11-15 22:45:51', '2019-11-15 22:45:51');
INSERT INTO `acl_permission` VALUES ('1195352547621965825', '1', 'CMS管理', '1', null, '/banner', 'Layout', null, null, '0', '2019-11-15 22:47:11', '2019-11-18 10:51:46');
INSERT INTO `acl_permission` VALUES ('1195352856645701633', '1195353513549205505', '查看', '2', 'banner.list', 'list', '/edu/banner/list', null, null, '0', '2019-11-15 22:48:24', '2019-11-15 22:48:24');
INSERT INTO `acl_permission` VALUES ('1195352909401657346', '1195353513549205505', '添加', '2', 'banner.add', 'add', '/edu/banner/save', null, null, '0', '2019-11-15 22:48:37', '2019-11-18 10:52:10');
INSERT INTO `acl_permission` VALUES ('1195353051395624961', '1195353513549205505', '修改', '2', 'banner.update', 'edit/:id', '/edu/banner/save', null, null, '0', '2019-11-15 22:49:11', '2019-11-18 10:52:05');
INSERT INTO `acl_permission` VALUES ('1195353513549205505', '1195352547621965825', 'Bander列表', '1', null, 'list', '/edu/banner/list', null, null, '0', '2019-11-15 22:51:01', '2019-11-18 10:51:29');
INSERT INTO `acl_permission` VALUES ('1195353672110673921', '1195353513549205505', '删除', '2', 'banner.remove', '', '', null, null, '0', '2019-11-15 22:51:39', '2019-11-15 22:51:39');
INSERT INTO `acl_permission` VALUES ('1195354076890370050', '1', '订单管理', '1', null, '/order', 'Layout', null, null, '0', '2019-11-15 22:53:15', '2019-11-15 22:53:15');
INSERT INTO `acl_permission` VALUES ('1195354153482555393', '1195354076890370050', '订单列表', '1', null, 'list', '/order/list', null, null, '0', '2019-11-15 22:53:33', '2019-11-15 22:53:58');
INSERT INTO `acl_permission` VALUES ('1195354315093282817', '1195354153482555393', '查看', '2', 'order.list', '', '', null, null, '0', '2019-11-15 22:54:12', '2019-11-15 22:54:12');
INSERT INTO `acl_permission` VALUES ('1196301740985311234', '1195268616021139457', '分配角色', '2', 'user.assgin', 'user/role/:id', '/acl/user/roleForm', null, null, '0', '2019-11-18 13:38:56', '2019-11-18 13:38:56');
INSERT INTO `acl_permission` VALUES ('1286930479019872258', '1195350919074385921', '删除课程', '2', 'course.remove', 'info/:id', '/edu/course/info', null, null, '0', '2020-07-25 15:45:10', '2020-07-25 15:47:34');
INSERT INTO `acl_permission` VALUES ('1286942031626260482', '1195349699995734017', '查看详细信息', '2', 'teacher.info', 'info/:id', '/edu/teacher/info', null, null, '0', '2020-07-25 16:31:05', '2020-07-25 16:31:05');
INSERT INTO `acl_permission` VALUES ('1286949504919687170', '1195353513549205505', '查看详情', '2', 'banner.info', 'info/:id', '/edu/banner/info', null, null, '0', '2020-07-25 17:00:46', '2020-07-25 17:07:54');
INSERT INTO `acl_permission` VALUES ('1406491061998333954', '1195352547621965825', '添加', '1', null, 'add', 'edu/banner/add', null, null, '0', '2021-06-20 05:56:15', '2021-06-20 05:56:15');

-- ----------------------------
-- Table structure for `acl_role`
-- ----------------------------
DROP TABLE IF EXISTS `acl_role`;
CREATE TABLE `acl_role` (
  `id` char(19) NOT NULL DEFAULT '' COMMENT '角色id',
  `role_name` varchar(20) NOT NULL DEFAULT '' COMMENT '角色名称',
  `role_code` varchar(20) DEFAULT NULL COMMENT '角色编码',
  `remark` varchar(255) DEFAULT NULL COMMENT '备注',
  `is_deleted` tinyint unsigned NOT NULL DEFAULT '0' COMMENT '逻辑删除 1（true）已删除， 0（false）未删除',
  `gmt_create` datetime NOT NULL COMMENT '创建时间',
  `gmt_modified` datetime NOT NULL COMMENT '更新时间',
  PRIMARY KEY (`id`)
) ENGINE=MyISAM DEFAULT CHARSET=utf8mb3;

-- ----------------------------
-- Records of acl_role
-- ----------------------------
INSERT INTO `acl_role` VALUES ('1', '普通管理员', null, null, '0', '2019-11-11 13:09:32', '2021-06-26 02:06:40');
INSERT INTO `acl_role` VALUES ('1193757683205607426', '课程管理员', null, null, '0', '2019-11-11 13:09:45', '2020-07-12 18:20:36');
INSERT INTO `acl_role` VALUES ('1284775525488402433', '讲师管理2', null, null, '0', '2020-07-19 17:02:09', '2020-07-19 17:02:09');
INSERT INTO `acl_role` VALUES ('1284773494346358786', '讲师管理', null, null, '0', '2020-07-19 16:54:05', '2020-07-19 16:54:05');
INSERT INTO `acl_role` VALUES ('1286864114187653121', 'www', null, null, '0', '2020-07-25 11:21:28', '2020-07-25 11:21:28');
INSERT INTO `acl_role` VALUES ('1286863112264896514', '管理员', null, null, '0', '2020-07-25 11:17:29', '2020-07-25 11:17:29');

-- ----------------------------
-- Table structure for `acl_role_permission`
-- ----------------------------
DROP TABLE IF EXISTS `acl_role_permission`;
CREATE TABLE `acl_role_permission` (
  `id` char(19) NOT NULL DEFAULT '',
  `role_id` char(19) NOT NULL DEFAULT '',
  `permission_id` char(19) NOT NULL DEFAULT '',
  `is_deleted` tinyint unsigned NOT NULL DEFAULT '0' COMMENT '逻辑删除 1（true）已删除， 0（false）未删除',
  `gmt_create` datetime NOT NULL COMMENT '创建时间',
  `gmt_modified` datetime NOT NULL COMMENT '更新时间',
  PRIMARY KEY (`id`),
  KEY `idx_role_id` (`role_id`),
  KEY `idx_permission_id` (`permission_id`)
) ENGINE=MyISAM DEFAULT CHARSET=utf8mb3;

-- ----------------------------
-- Records of acl_role_permission
-- ----------------------------
INSERT INTO `acl_role_permission` VALUES ('1196301979754455041', '1', '1', '1', '2019-11-18 13:39:53', '2019-11-18 13:39:53');
INSERT INTO `acl_role_permission` VALUES ('1196301979792203778', '1', '1195268474480156673', '1', '2019-11-18 13:39:53', '2019-11-18 13:39:53');
INSERT INTO `acl_role_permission` VALUES ('1196301979821563906', '1', '1195268616021139457', '1', '2019-11-18 13:39:53', '2019-11-18 13:39:53');
INSERT INTO `acl_role_permission` VALUES ('1196301979842535426', '1', '1195269143060602882', '1', '2019-11-18 13:39:53', '2019-11-18 13:39:53');
INSERT INTO `acl_role_permission` VALUES ('1196301979855118338', '1', '1195269295926206466', '1', '2019-11-18 13:39:53', '2019-11-18 13:39:53');
INSERT INTO `acl_role_permission` VALUES ('1196301979880284161', '1', '1195269473479483394', '1', '2019-11-18 13:39:53', '2019-11-18 13:39:53');
INSERT INTO `acl_role_permission` VALUES ('1196301979913838593', '1', '1195269547269873666', '1', '2019-11-18 13:39:53', '2019-11-18 13:39:53');
INSERT INTO `acl_role_permission` VALUES ('1196301979926421506', '1', '1196301740985311234', '1', '2019-11-18 13:39:53', '2019-11-18 13:39:53');
INSERT INTO `acl_role_permission` VALUES ('1196301979951587330', '1', '1195268788138598401', '1', '2019-11-18 13:39:53', '2019-11-18 13:39:53');
INSERT INTO `acl_role_permission` VALUES ('1196301980014501889', '1', '1195269821262782465', '1', '2019-11-18 13:39:53', '2019-11-18 13:39:53');
INSERT INTO `acl_role_permission` VALUES ('1196301980035473410', '1', '1195269903542444034', '1', '2019-11-18 13:39:53', '2019-11-18 13:39:53');
INSERT INTO `acl_role_permission` VALUES ('1196301980052250626', '1', '1195270037005197313', '1', '2019-11-18 13:39:53', '2019-11-18 13:39:53');
INSERT INTO `acl_role_permission` VALUES ('1196301980077416450', '1', '1195270442602782721', '1', '2019-11-18 13:39:53', '2019-11-18 13:39:53');
INSERT INTO `acl_role_permission` VALUES ('1196301980094193665', '1', '1195270621548568578', '1', '2019-11-18 13:39:53', '2019-11-18 13:39:53');
INSERT INTO `acl_role_permission` VALUES ('1196301980119359489', '1', '1195268893830864898', '1', '2019-11-18 13:39:53', '2019-11-18 13:39:53');
INSERT INTO `acl_role_permission` VALUES ('1196301980136136706', '1', '1195270744097742849', '1', '2019-11-18 13:39:53', '2019-11-18 13:39:53');
INSERT INTO `acl_role_permission` VALUES ('1196301980249382913', '1', '1195270810560684034', '1', '2019-11-18 13:39:53', '2019-11-18 13:39:53');
INSERT INTO `acl_role_permission` VALUES ('1196301980270354434', '1', '1195270862100291586', '1', '2019-11-18 13:39:53', '2019-11-18 13:39:53');
INSERT INTO `acl_role_permission` VALUES ('1196301980287131649', '1', '1195270887933009922', '1', '2019-11-18 13:39:53', '2019-11-18 13:39:53');
INSERT INTO `acl_role_permission` VALUES ('1196301980303908866', '1', '1195349439240048642', '1', '2019-11-18 13:39:53', '2019-11-18 13:39:53');
INSERT INTO `acl_role_permission` VALUES ('1196301980320686082', '1', '1195349699995734017', '1', '2019-11-18 13:39:53', '2019-11-18 13:39:53');
INSERT INTO `acl_role_permission` VALUES ('1196301980345851905', '1', '1195349979797753857', '1', '2019-11-18 13:39:53', '2019-11-18 13:39:53');
INSERT INTO `acl_role_permission` VALUES ('1196301980362629121', '1', '1195350117270261762', '1', '2019-11-18 13:39:53', '2019-11-18 13:39:53');
INSERT INTO `acl_role_permission` VALUES ('1196301980383600641', '1', '1195350188359520258', '1', '2019-11-18 13:39:53', '2019-11-18 13:39:53');
INSERT INTO `acl_role_permission` VALUES ('1196301980408766465', '1', '1195349810561781761', '1', '2019-11-18 13:39:53', '2019-11-18 13:39:53');
INSERT INTO `acl_role_permission` VALUES ('1196301980421349378', '1', '1195349876252971010', '1', '2019-11-18 13:39:53', '2019-11-18 13:39:53');
INSERT INTO `acl_role_permission` VALUES ('1196301980438126593', '1', '1195350299365969922', '1', '2019-11-18 13:39:53', '2019-11-18 13:39:53');
INSERT INTO `acl_role_permission` VALUES ('1196301980450709506', '1', '1195350397751758850', '1', '2019-11-18 13:39:53', '2019-11-18 13:39:53');
INSERT INTO `acl_role_permission` VALUES ('1196301980501041153', '1', '1195350612172967938', '1', '2019-11-18 13:39:53', '2019-11-18 13:39:53');
INSERT INTO `acl_role_permission` VALUES ('1196301980517818370', '1', '1195350500512206850', '1', '2019-11-18 13:39:53', '2019-11-18 13:39:53');
INSERT INTO `acl_role_permission` VALUES ('1196301980538789889', '1', '1195350687590748161', '1', '2019-11-18 13:39:53', '2019-11-18 13:39:53');
INSERT INTO `acl_role_permission` VALUES ('1196301980622675970', '1', '1195350831744782337', '1', '2019-11-18 13:39:53', '2019-11-18 13:39:53');
INSERT INTO `acl_role_permission` VALUES ('1196301980639453186', '1', '1195350919074385921', '1', '2019-11-18 13:39:53', '2019-11-18 13:39:53');
INSERT INTO `acl_role_permission` VALUES ('1196301980660424705', '1', '1195351159672246274', '1', '2019-11-18 13:39:53', '2019-11-18 13:39:53');
INSERT INTO `acl_role_permission` VALUES ('1196301980677201922', '1', '1195351326706208770', '1', '2019-11-18 13:39:53', '2019-11-18 13:39:53');
INSERT INTO `acl_role_permission` VALUES ('1196301980698173441', '1', '1195351566221938690', '1', '2019-11-18 13:39:53', '2019-11-18 13:39:53');
INSERT INTO `acl_role_permission` VALUES ('1196301980714950658', '1', '1195351020463296513', '1', '2019-11-18 13:39:53', '2019-11-18 13:39:53');
INSERT INTO `acl_role_permission` VALUES ('1196301980723339266', '1', '1195351862889254913', '1', '2019-11-18 13:39:53', '2019-11-18 13:39:53');
INSERT INTO `acl_role_permission` VALUES ('1196301980744310786', '1', '1195351968841568257', '1', '2019-11-18 13:39:53', '2019-11-18 13:39:53');
INSERT INTO `acl_role_permission` VALUES ('1196301980761088001', '1', '1195352215768633346', '1', '2019-11-18 13:39:53', '2019-11-18 13:39:53');
INSERT INTO `acl_role_permission` VALUES ('1196301980777865217', '1', '1195352054917074946', '1', '2019-11-18 13:39:53', '2019-11-18 13:39:53');
INSERT INTO `acl_role_permission` VALUES ('1196301980794642434', '1', '1195352127734386690', '1', '2019-11-18 13:39:53', '2019-11-18 13:39:53');
INSERT INTO `acl_role_permission` VALUES ('1196301980811419650', '1', '1195352547621965825', '1', '2019-11-18 13:39:53', '2019-11-18 13:39:53');
INSERT INTO `acl_role_permission` VALUES ('1196301980828196865', '1', '1195353513549205505', '1', '2019-11-18 13:39:53', '2019-11-18 13:39:53');
INSERT INTO `acl_role_permission` VALUES ('1196301980844974082', '1', '1195352856645701633', '1', '2019-11-18 13:39:53', '2019-11-18 13:39:53');
INSERT INTO `acl_role_permission` VALUES ('1196301980861751298', '1', '1195352909401657346', '1', '2019-11-18 13:39:53', '2019-11-18 13:39:53');
INSERT INTO `acl_role_permission` VALUES ('1196301980886917122', '1', '1195353051395624961', '1', '2019-11-18 13:39:53', '2019-11-18 13:39:53');
INSERT INTO `acl_role_permission` VALUES ('1196301980928860162', '1', '1195353672110673921', '1', '2019-11-18 13:39:53', '2019-11-18 13:39:53');
INSERT INTO `acl_role_permission` VALUES ('1196301980954025986', '1', '1195354076890370050', '1', '2019-11-18 13:39:53', '2019-11-18 13:39:53');
INSERT INTO `acl_role_permission` VALUES ('1196301980970803201', '1', '1195354153482555393', '1', '2019-11-18 13:39:53', '2019-11-18 13:39:53');
INSERT INTO `acl_role_permission` VALUES ('1196301980987580418', '1', '1195354315093282817', '1', '2019-11-18 13:39:53', '2019-11-18 13:39:53');
INSERT INTO `acl_role_permission` VALUES ('1196305293070077953', '1', '1', '1', '2019-11-18 13:53:03', '2019-11-18 13:53:03');
INSERT INTO `acl_role_permission` VALUES ('1196305293099438081', '1', '1195268474480156673', '1', '2019-11-18 13:53:03', '2019-11-18 13:53:03');
INSERT INTO `acl_role_permission` VALUES ('1196305293120409602', '1', '1195268616021139457', '1', '2019-11-18 13:53:03', '2019-11-18 13:53:03');
INSERT INTO `acl_role_permission` VALUES ('1196305293153964034', '1', '1195269143060602882', '1', '2019-11-18 13:53:03', '2019-11-18 13:53:03');
INSERT INTO `acl_role_permission` VALUES ('1196305293183324162', '1', '1195269295926206466', '1', '2019-11-18 13:53:03', '2019-11-18 13:53:03');
INSERT INTO `acl_role_permission` VALUES ('1196305293212684290', '1', '1195269473479483394', '1', '2019-11-18 13:53:03', '2019-11-18 13:53:03');
INSERT INTO `acl_role_permission` VALUES ('1196305293237850114', '1', '1195269547269873666', '1', '2019-11-18 13:53:03', '2019-11-18 13:53:03');
INSERT INTO `acl_role_permission` VALUES ('1196305293271404545', '1', '1196301740985311234', '1', '2019-11-18 13:53:03', '2019-11-18 13:53:03');
INSERT INTO `acl_role_permission` VALUES ('1196305293485314049', '1', '1195268788138598401', '1', '2019-11-18 13:53:03', '2019-11-18 13:53:03');
INSERT INTO `acl_role_permission` VALUES ('1196305293506285569', '1', '1195269821262782465', '1', '2019-11-18 13:53:03', '2019-11-18 13:53:03');
INSERT INTO `acl_role_permission` VALUES ('1196305293527257089', '1', '1195269903542444034', '1', '2019-11-18 13:53:03', '2019-11-18 13:53:03');
INSERT INTO `acl_role_permission` VALUES ('1196305293552422914', '1', '1195270037005197313', '1', '2019-11-18 13:53:03', '2019-11-18 13:53:03');
INSERT INTO `acl_role_permission` VALUES ('1196305293565005825', '1', '1195270442602782721', '1', '2019-11-18 13:53:03', '2019-11-18 13:53:03');
INSERT INTO `acl_role_permission` VALUES ('1196305293594365954', '1', '1195270621548568578', '1', '2019-11-18 13:53:03', '2019-11-18 13:53:03');
INSERT INTO `acl_role_permission` VALUES ('1196305293611143169', '1', '1195268893830864898', '1', '2019-11-18 13:53:03', '2019-11-18 13:53:03');
INSERT INTO `acl_role_permission` VALUES ('1196305293627920385', '1', '1195270744097742849', '1', '2019-11-18 13:53:03', '2019-11-18 13:53:03');
INSERT INTO `acl_role_permission` VALUES ('1196305293657280513', '1', '1195349439240048642', '1', '2019-11-18 13:53:03', '2019-11-18 13:53:03');
INSERT INTO `acl_role_permission` VALUES ('1196305293674057729', '1', '1195349699995734017', '1', '2019-11-18 13:53:03', '2019-11-18 13:53:03');
INSERT INTO `acl_role_permission` VALUES ('1196305293690834946', '1', '1195349979797753857', '1', '2019-11-18 13:53:03', '2019-11-18 13:53:03');
INSERT INTO `acl_role_permission` VALUES ('1196305293716000770', '1', '1195350117270261762', '1', '2019-11-18 13:53:03', '2019-11-18 13:53:03');
INSERT INTO `acl_role_permission` VALUES ('1196305293736972290', '1', '1195350188359520258', '1', '2019-11-18 13:53:03', '2019-11-18 13:53:03');
INSERT INTO `acl_role_permission` VALUES ('1196305293749555202', '1', '1195349810561781761', '1', '2019-11-18 13:53:03', '2019-11-18 13:53:03');
INSERT INTO `acl_role_permission` VALUES ('1196305293766332417', '1', '1195349876252971010', '1', '2019-11-18 13:53:03', '2019-11-18 13:53:03');
INSERT INTO `acl_role_permission` VALUES ('1196305293795692546', '1', '1195350299365969922', '1', '2019-11-18 13:53:03', '2019-11-18 13:53:03');
INSERT INTO `acl_role_permission` VALUES ('1196305293812469762', '1', '1195350397751758850', '1', '2019-11-18 13:53:03', '2019-11-18 13:53:03');
INSERT INTO `acl_role_permission` VALUES ('1196305293837635586', '1', '1195350612172967938', '1', '2019-11-18 13:53:03', '2019-11-18 13:53:03');
INSERT INTO `acl_role_permission` VALUES ('1196305293858607106', '1', '1195350500512206850', '1', '2019-11-18 13:53:03', '2019-11-18 13:53:03');
INSERT INTO `acl_role_permission` VALUES ('1196305293875384322', '1', '1195350687590748161', '1', '2019-11-18 13:53:03', '2019-11-18 13:53:03');
INSERT INTO `acl_role_permission` VALUES ('1196305293892161538', '1', '1195350831744782337', '1', '2019-11-18 13:53:03', '2019-11-18 13:53:03');
INSERT INTO `acl_role_permission` VALUES ('1196305293950881794', '1', '1195350919074385921', '1', '2019-11-18 13:53:03', '2019-11-18 13:53:03');
INSERT INTO `acl_role_permission` VALUES ('1196305293976047617', '1', '1195351159672246274', '1', '2019-11-18 13:53:03', '2019-11-18 13:53:03');
INSERT INTO `acl_role_permission` VALUES ('1196305294127042561', '1', '1195351326706208770', '1', '2019-11-18 13:53:03', '2019-11-18 13:53:03');
INSERT INTO `acl_role_permission` VALUES ('1196305294156402690', '1', '1195351566221938690', '1', '2019-11-18 13:53:03', '2019-11-18 13:53:03');
INSERT INTO `acl_role_permission` VALUES ('1196305294177374209', '1', '1195351862889254913', '1', '2019-11-18 13:53:03', '2019-11-18 13:53:03');
INSERT INTO `acl_role_permission` VALUES ('1196305294194151425', '1', '1195351968841568257', '1', '2019-11-18 13:53:03', '2019-11-18 13:53:03');
INSERT INTO `acl_role_permission` VALUES ('1196305294223511554', '1', '1195352215768633346', '1', '2019-11-18 13:53:03', '2019-11-18 13:53:03');
INSERT INTO `acl_role_permission` VALUES ('1196305294240288770', '1', '1195352054917074946', '1', '2019-11-18 13:53:03', '2019-11-18 13:53:03');
INSERT INTO `acl_role_permission` VALUES ('1196305294248677377', '1', '1195352127734386690', '1', '2019-11-18 13:53:03', '2019-11-18 13:53:03');
INSERT INTO `acl_role_permission` VALUES ('1196305294248677378', '1', '1195352547621965825', '1', '2019-11-18 13:53:03', '2019-11-18 13:53:03');
INSERT INTO `acl_role_permission` VALUES ('1196305294319980546', '1', '1195353513549205505', '1', '2019-11-18 13:53:03', '2019-11-18 13:53:03');
INSERT INTO `acl_role_permission` VALUES ('1196305294319980547', '1', '1195352856645701633', '1', '2019-11-18 13:53:03', '2019-11-18 13:53:03');
INSERT INTO `acl_role_permission` VALUES ('1196305294319980548', '1', '1195352909401657346', '1', '2019-11-18 13:53:03', '2019-11-18 13:53:03');
INSERT INTO `acl_role_permission` VALUES ('1196305294378700802', '1', '1195353051395624961', '1', '2019-11-18 13:53:03', '2019-11-18 13:53:03');
INSERT INTO `acl_role_permission` VALUES ('1196305294378700803', '1', '1195353672110673921', '1', '2019-11-18 13:53:03', '2019-11-18 13:53:03');
INSERT INTO `acl_role_permission` VALUES ('1196305294458392577', '1', '1195354076890370050', '1', '2019-11-18 13:53:03', '2019-11-18 13:53:03');
INSERT INTO `acl_role_permission` VALUES ('1196305294483558402', '1', '1195354153482555393', '1', '2019-11-18 13:53:03', '2019-11-18 13:53:03');
INSERT INTO `acl_role_permission` VALUES ('1196305294500335618', '1', '1195354315093282817', '1', '2019-11-18 13:53:03', '2019-11-18 13:53:03');
INSERT INTO `acl_role_permission` VALUES ('1196305566656139266', '1', '1', '1', '2019-11-18 13:54:08', '2019-11-18 13:54:08');
INSERT INTO `acl_role_permission` VALUES ('1196305566689693698', '1', '1195268474480156673', '1', '2019-11-18 13:54:08', '2019-11-18 13:54:08');
INSERT INTO `acl_role_permission` VALUES ('1196305566706470913', '1', '1195268616021139457', '1', '2019-11-18 13:54:08', '2019-11-18 13:54:08');
INSERT INTO `acl_role_permission` VALUES ('1196305566740025346', '1', '1195269143060602882', '1', '2019-11-18 13:54:08', '2019-11-18 13:54:08');
INSERT INTO `acl_role_permission` VALUES ('1196305566756802561', '1', '1195269295926206466', '1', '2019-11-18 13:54:08', '2019-11-18 13:54:08');
INSERT INTO `acl_role_permission` VALUES ('1196305566781968385', '1', '1195269473479483394', '1', '2019-11-18 13:54:08', '2019-11-18 13:54:08');
INSERT INTO `acl_role_permission` VALUES ('1196305566811328514', '1', '1195269547269873666', '1', '2019-11-18 13:54:08', '2019-11-18 13:54:08');
INSERT INTO `acl_role_permission` VALUES ('1196305566828105730', '1', '1196301740985311234', '1', '2019-11-18 13:54:08', '2019-11-18 13:54:08');
INSERT INTO `acl_role_permission` VALUES ('1196305566853271554', '1', '1195268788138598401', '1', '2019-11-18 13:54:08', '2019-11-18 13:54:08');
INSERT INTO `acl_role_permission` VALUES ('1196305566878437378', '1', '1195269821262782465', '1', '2019-11-18 13:54:08', '2019-11-18 13:54:08');
INSERT INTO `acl_role_permission` VALUES ('1196305566895214593', '1', '1195269903542444034', '1', '2019-11-18 13:54:08', '2019-11-18 13:54:08');
INSERT INTO `acl_role_permission` VALUES ('1196305566916186113', '1', '1195270037005197313', '1', '2019-11-18 13:54:08', '2019-11-18 13:54:08');
INSERT INTO `acl_role_permission` VALUES ('1196305566949740546', '1', '1195270442602782721', '1', '2019-11-18 13:54:08', '2019-11-18 13:54:08');
INSERT INTO `acl_role_permission` VALUES ('1196305566966517761', '1', '1195270621548568578', '1', '2019-11-18 13:54:08', '2019-11-18 13:54:08');
INSERT INTO `acl_role_permission` VALUES ('1196305566991683585', '1', '1195268893830864898', '1', '2019-11-18 13:54:08', '2019-11-18 13:54:08');
INSERT INTO `acl_role_permission` VALUES ('1196305567012655106', '1', '1195270744097742849', '1', '2019-11-18 13:54:08', '2019-11-18 13:54:08');
INSERT INTO `acl_role_permission` VALUES ('1196305567029432322', '1', '1195270810560684034', '1', '2019-11-18 13:54:08', '2019-11-18 13:54:08');
INSERT INTO `acl_role_permission` VALUES ('1196305567042015233', '1', '1195270862100291586', '1', '2019-11-18 13:54:08', '2019-11-18 13:54:08');
INSERT INTO `acl_role_permission` VALUES ('1196305567100735490', '1', '1195270887933009922', '1', '2019-11-18 13:54:08', '2019-11-18 13:54:08');
INSERT INTO `acl_role_permission` VALUES ('1196305567117512705', '1', '1195349439240048642', '1', '2019-11-18 13:54:08', '2019-11-18 13:54:08');
INSERT INTO `acl_role_permission` VALUES ('1196305567142678530', '1', '1195349699995734017', '1', '2019-11-18 13:54:08', '2019-11-18 13:54:08');
INSERT INTO `acl_role_permission` VALUES ('1196305567155261442', '1', '1195349979797753857', '1', '2019-11-18 13:54:08', '2019-11-18 13:54:08');
INSERT INTO `acl_role_permission` VALUES ('1196305567172038658', '1', '1195350117270261762', '1', '2019-11-18 13:54:08', '2019-11-18 13:54:08');
INSERT INTO `acl_role_permission` VALUES ('1196305567188815873', '1', '1195350188359520258', '1', '2019-11-18 13:54:08', '2019-11-18 13:54:08');
INSERT INTO `acl_role_permission` VALUES ('1196305567218176001', '1', '1195349810561781761', '1', '2019-11-18 13:54:08', '2019-11-18 13:54:08');
INSERT INTO `acl_role_permission` VALUES ('1196305567234953217', '1', '1195349876252971010', '1', '2019-11-18 13:54:08', '2019-11-18 13:54:08');
INSERT INTO `acl_role_permission` VALUES ('1196305567251730434', '1', '1195350299365969922', '1', '2019-11-18 13:54:08', '2019-11-18 13:54:08');
INSERT INTO `acl_role_permission` VALUES ('1196305567272701954', '1', '1195350397751758850', '1', '2019-11-18 13:54:08', '2019-11-18 13:54:08');
INSERT INTO `acl_role_permission` VALUES ('1196305567289479170', '1', '1195350612172967938', '1', '2019-11-18 13:54:08', '2019-11-18 13:54:08');
INSERT INTO `acl_role_permission` VALUES ('1196305567310450690', '1', '1195350500512206850', '1', '2019-11-18 13:54:08', '2019-11-18 13:54:08');
INSERT INTO `acl_role_permission` VALUES ('1196305567327227905', '1', '1195350687590748161', '1', '2019-11-18 13:54:08', '2019-11-18 13:54:08');
INSERT INTO `acl_role_permission` VALUES ('1196305567448862722', '1', '1195350831744782337', '1', '2019-11-18 13:54:08', '2019-11-18 13:54:08');
INSERT INTO `acl_role_permission` VALUES ('1196305567478222850', '1', '1195350919074385921', '1', '2019-11-18 13:54:08', '2019-11-18 13:54:08');
INSERT INTO `acl_role_permission` VALUES ('1196305567495000065', '1', '1195351159672246274', '1', '2019-11-18 13:54:08', '2019-11-18 13:54:08');
INSERT INTO `acl_role_permission` VALUES ('1196305567520165889', '1', '1195351326706208770', '1', '2019-11-18 13:54:08', '2019-11-18 13:54:08');
INSERT INTO `acl_role_permission` VALUES ('1196305567541137409', '1', '1195351566221938690', '1', '2019-11-18 13:54:08', '2019-11-18 13:54:08');
INSERT INTO `acl_role_permission` VALUES ('1196305567570497538', '1', '1195351862889254913', '1', '2019-11-18 13:54:08', '2019-11-18 13:54:08');
INSERT INTO `acl_role_permission` VALUES ('1196305567587274754', '1', '1195351968841568257', '1', '2019-11-18 13:54:08', '2019-11-18 13:54:08');
INSERT INTO `acl_role_permission` VALUES ('1196305567604051970', '1', '1195352215768633346', '1', '2019-11-18 13:54:08', '2019-11-18 13:54:08');
INSERT INTO `acl_role_permission` VALUES ('1196305567633412098', '1', '1195352054917074946', '1', '2019-11-18 13:54:08', '2019-11-18 13:54:08');
INSERT INTO `acl_role_permission` VALUES ('1196305567683743745', '1', '1195352127734386690', '1', '2019-11-18 13:54:08', '2019-11-18 13:54:08');
INSERT INTO `acl_role_permission` VALUES ('1196305567721492481', '1', '1195352547621965825', '1', '2019-11-18 13:54:08', '2019-11-18 13:54:08');
INSERT INTO `acl_role_permission` VALUES ('1196305567742464002', '1', '1195353513549205505', '1', '2019-11-18 13:54:08', '2019-11-18 13:54:08');
INSERT INTO `acl_role_permission` VALUES ('1196305567771824129', '1', '1195352856645701633', '1', '2019-11-18 13:54:08', '2019-11-18 13:54:08');
INSERT INTO `acl_role_permission` VALUES ('1196305567792795650', '1', '1195352909401657346', '1', '2019-11-18 13:54:08', '2019-11-18 13:54:08');
INSERT INTO `acl_role_permission` VALUES ('1196305567809572866', '1', '1195353051395624961', '1', '2019-11-18 13:54:08', '2019-11-18 13:54:08');
INSERT INTO `acl_role_permission` VALUES ('1196305567843127298', '1', '1195353672110673921', '1', '2019-11-18 13:54:08', '2019-11-18 13:54:08');
INSERT INTO `acl_role_permission` VALUES ('1196305567868293122', '1', '1195354076890370050', '1', '2019-11-18 13:54:08', '2019-11-18 13:54:08');
INSERT INTO `acl_role_permission` VALUES ('1196305567885070338', '1', '1195354153482555393', '1', '2019-11-18 13:54:08', '2019-11-18 13:54:08');
INSERT INTO `acl_role_permission` VALUES ('1196305567910236162', '1', '1195354315093282817', '1', '2019-11-18 13:54:08', '2019-11-18 13:54:08');
INSERT INTO `acl_role_permission` VALUES ('1196312702601695234', '1', '1', '0', '2019-11-18 14:22:29', '2019-11-18 14:22:29');
INSERT INTO `acl_role_permission` VALUES ('1196312702652026881', '1', '1195268474480156673', '0', '2019-11-18 14:22:29', '2019-11-18 14:22:29');
INSERT INTO `acl_role_permission` VALUES ('1196312702668804098', '1', '1195268616021139457', '0', '2019-11-18 14:22:29', '2019-11-18 14:22:29');
INSERT INTO `acl_role_permission` VALUES ('1196312702698164226', '1', '1195269143060602882', '0', '2019-11-18 14:22:29', '2019-11-18 14:22:29');
INSERT INTO `acl_role_permission` VALUES ('1196312702723330049', '1', '1195269295926206466', '0', '2019-11-18 14:22:29', '2019-11-18 14:22:29');
INSERT INTO `acl_role_permission` VALUES ('1196312702744301569', '1', '1195269473479483394', '0', '2019-11-18 14:22:29', '2019-11-18 14:22:29');
INSERT INTO `acl_role_permission` VALUES ('1196312702765273089', '1', '1195269547269873666', '0', '2019-11-18 14:22:29', '2019-11-18 14:22:29');
INSERT INTO `acl_role_permission` VALUES ('1196312702790438913', '1', '1196301740985311234', '0', '2019-11-18 14:22:29', '2019-11-18 14:22:29');
INSERT INTO `acl_role_permission` VALUES ('1196312702945628161', '1', '1195268788138598401', '0', '2019-11-18 14:22:29', '2019-11-18 14:22:29');
INSERT INTO `acl_role_permission` VALUES ('1196312702970793985', '1', '1195269821262782465', '0', '2019-11-18 14:22:29', '2019-11-18 14:22:29');
INSERT INTO `acl_role_permission` VALUES ('1196312703000154114', '1', '1195269903542444034', '0', '2019-11-18 14:22:29', '2019-11-18 14:22:29');
INSERT INTO `acl_role_permission` VALUES ('1196312703025319938', '1', '1195270037005197313', '0', '2019-11-18 14:22:29', '2019-11-18 14:22:29');
INSERT INTO `acl_role_permission` VALUES ('1196312703046291458', '1', '1195270442602782721', '0', '2019-11-18 14:22:29', '2019-11-18 14:22:29');
INSERT INTO `acl_role_permission` VALUES ('1196312703063068673', '1', '1195270621548568578', '0', '2019-11-18 14:22:29', '2019-11-18 14:22:29');
INSERT INTO `acl_role_permission` VALUES ('1196312703084040193', '1', '1195268893830864898', '0', '2019-11-18 14:22:29', '2019-11-18 14:22:29');
INSERT INTO `acl_role_permission` VALUES ('1196312703113400321', '1', '1195270744097742849', '0', '2019-11-18 14:22:29', '2019-11-18 14:22:29');
INSERT INTO `acl_role_permission` VALUES ('1196312703134371842', '1', '1195270810560684034', '0', '2019-11-18 14:22:30', '2019-11-18 14:22:30');
INSERT INTO `acl_role_permission` VALUES ('1196312703159537665', '1', '1195270862100291586', '0', '2019-11-18 14:22:30', '2019-11-18 14:22:30');
INSERT INTO `acl_role_permission` VALUES ('1196312703184703490', '1', '1195270887933009922', '0', '2019-11-18 14:22:30', '2019-11-18 14:22:30');
INSERT INTO `acl_role_permission` VALUES ('1196312703209869313', '1', '1195349439240048642', '0', '2019-11-18 14:22:30', '2019-11-18 14:22:30');
INSERT INTO `acl_role_permission` VALUES ('1196312703230840834', '1', '1195349699995734017', '0', '2019-11-18 14:22:30', '2019-11-18 14:22:30');
INSERT INTO `acl_role_permission` VALUES ('1196312703251812354', '1', '1195349979797753857', '0', '2019-11-18 14:22:30', '2019-11-18 14:22:30');
INSERT INTO `acl_role_permission` VALUES ('1196312703272783873', '1', '1195350117270261762', '0', '2019-11-18 14:22:30', '2019-11-18 14:22:30');
INSERT INTO `acl_role_permission` VALUES ('1196312703293755394', '1', '1195350188359520258', '0', '2019-11-18 14:22:30', '2019-11-18 14:22:30');
INSERT INTO `acl_role_permission` VALUES ('1196312703327309826', '1', '1195349810561781761', '0', '2019-11-18 14:22:30', '2019-11-18 14:22:30');
INSERT INTO `acl_role_permission` VALUES ('1196312703348281345', '1', '1195349876252971010', '0', '2019-11-18 14:22:30', '2019-11-18 14:22:30');
INSERT INTO `acl_role_permission` VALUES ('1196312703365058561', '1', '1195350299365969922', '0', '2019-11-18 14:22:30', '2019-11-18 14:22:30');
INSERT INTO `acl_role_permission` VALUES ('1196312703386030082', '1', '1195350397751758850', '0', '2019-11-18 14:22:30', '2019-11-18 14:22:30');
INSERT INTO `acl_role_permission` VALUES ('1196312703440556034', '1', '1195350612172967938', '0', '2019-11-18 14:22:30', '2019-11-18 14:22:30');
INSERT INTO `acl_role_permission` VALUES ('1196312703486693378', '1', '1195350500512206850', '0', '2019-11-18 14:22:30', '2019-11-18 14:22:30');
INSERT INTO `acl_role_permission` VALUES ('1196312703511859202', '1', '1195350687590748161', '0', '2019-11-18 14:22:30', '2019-11-18 14:22:30');
INSERT INTO `acl_role_permission` VALUES ('1196312703654465537', '1', '1195350831744782337', '0', '2019-11-18 14:22:30', '2019-11-18 14:22:30');
INSERT INTO `acl_role_permission` VALUES ('1196312703683825665', '1', '1195350919074385921', '0', '2019-11-18 14:22:30', '2019-11-18 14:22:30');
INSERT INTO `acl_role_permission` VALUES ('1196312703700602882', '1', '1195351159672246274', '0', '2019-11-18 14:22:30', '2019-11-18 14:22:30');
INSERT INTO `acl_role_permission` VALUES ('1196312703717380098', '1', '1195351326706208770', '0', '2019-11-18 14:22:30', '2019-11-18 14:22:30');
INSERT INTO `acl_role_permission` VALUES ('1196312703738351618', '1', '1195351566221938690', '0', '2019-11-18 14:22:30', '2019-11-18 14:22:30');
INSERT INTO `acl_role_permission` VALUES ('1196312703759323137', '1', '1195351020463296513', '0', '2019-11-18 14:22:30', '2019-11-18 14:22:30');
INSERT INTO `acl_role_permission` VALUES ('1196312703776100353', '1', '1195351862889254913', '0', '2019-11-18 14:22:30', '2019-11-18 14:22:30');
INSERT INTO `acl_role_permission` VALUES ('1196312703792877570', '1', '1195351968841568257', '0', '2019-11-18 14:22:30', '2019-11-18 14:22:30');
INSERT INTO `acl_role_permission` VALUES ('1196312703830626305', '1', '1195352215768633346', '0', '2019-11-18 14:22:30', '2019-11-18 14:22:30');
INSERT INTO `acl_role_permission` VALUES ('1196312703843209217', '1', '1195352054917074946', '0', '2019-11-18 14:22:30', '2019-11-18 14:22:30');
INSERT INTO `acl_role_permission` VALUES ('1196312703868375041', '1', '1195352127734386690', '0', '2019-11-18 14:22:30', '2019-11-18 14:22:30');
INSERT INTO `acl_role_permission` VALUES ('1196312703889346561', '1', '1195352547621965825', '0', '2019-11-18 14:22:30', '2019-11-18 14:22:30');
INSERT INTO `acl_role_permission` VALUES ('1196312703901929473', '1', '1195353513549205505', '0', '2019-11-18 14:22:30', '2019-11-18 14:22:30');
INSERT INTO `acl_role_permission` VALUES ('1196312703918706689', '1', '1195352856645701633', '0', '2019-11-18 14:22:30', '2019-11-18 14:22:30');
INSERT INTO `acl_role_permission` VALUES ('1196312703952261121', '1', '1195352909401657346', '0', '2019-11-18 14:22:30', '2019-11-18 14:22:30');
INSERT INTO `acl_role_permission` VALUES ('1196312703973232642', '1', '1195353051395624961', '0', '2019-11-18 14:22:30', '2019-11-18 14:22:30');
INSERT INTO `acl_role_permission` VALUES ('1196312703990009857', '1', '1195353672110673921', '0', '2019-11-18 14:22:30', '2019-11-18 14:22:30');
INSERT INTO `acl_role_permission` VALUES ('1196312704048730114', '1', '1195354076890370050', '0', '2019-11-18 14:22:30', '2019-11-18 14:22:30');
INSERT INTO `acl_role_permission` VALUES ('1196312704069701633', '1', '1195354153482555393', '0', '2019-11-18 14:22:30', '2019-11-18 14:22:30');
INSERT INTO `acl_role_permission` VALUES ('1196312704094867457', '1', '1195354315093282817', '0', '2019-11-18 14:22:30', '2019-11-18 14:22:30');
INSERT INTO `acl_role_permission` VALUES ('1282260061700980737', '1196300996034977794', '1', '0', '2020-07-12 18:26:36', '2020-07-12 18:26:36');
INSERT INTO `acl_role_permission` VALUES ('1282260061726146561', '1196300996034977794', '1195268474480156673', '0', '2020-07-12 18:26:36', '2020-07-12 18:26:36');
INSERT INTO `acl_role_permission` VALUES ('1282260061730340865', '1196300996034977794', '1195268616021139457', '0', '2020-07-12 18:26:36', '2020-07-12 18:26:36');
INSERT INTO `acl_role_permission` VALUES ('1282260061734535169', '1196300996034977794', '1195269143060602882', '0', '2020-07-12 18:26:36', '2020-07-12 18:26:36');
INSERT INTO `acl_role_permission` VALUES ('1282260061734535170', '1196300996034977794', '1195269295926206466', '0', '2020-07-12 18:26:36', '2020-07-12 18:26:36');
INSERT INTO `acl_role_permission` VALUES ('1282260061742923778', '1196300996034977794', '1195269473479483394', '0', '2020-07-12 18:26:36', '2020-07-12 18:26:36');
INSERT INTO `acl_role_permission` VALUES ('1282260061747118082', '1196300996034977794', '1195269547269873666', '0', '2020-07-12 18:26:36', '2020-07-12 18:26:36');
INSERT INTO `acl_role_permission` VALUES ('1282260061755506690', '1196300996034977794', '1196301740985311234', '0', '2020-07-12 18:26:36', '2020-07-12 18:26:36');
INSERT INTO `acl_role_permission` VALUES ('1284765716475158529', '1193757683205607426', '1', '0', '2020-07-19 16:23:11', '2020-07-19 16:23:11');
INSERT INTO `acl_role_permission` VALUES ('1284765716567433217', '1193757683205607426', '1195350831744782337', '0', '2020-07-19 16:23:11', '2020-07-19 16:23:11');
INSERT INTO `acl_role_permission` VALUES ('1284765716567433218', '1193757683205607426', '1195350919074385921', '0', '2020-07-19 16:23:11', '2020-07-19 16:23:11');
INSERT INTO `acl_role_permission` VALUES ('1284765716580016130', '1193757683205607426', '1195351159672246274', '0', '2020-07-19 16:23:11', '2020-07-19 16:23:11');
INSERT INTO `acl_role_permission` VALUES ('1284765716580016131', '1193757683205607426', '1195351326706208770', '0', '2020-07-19 16:23:11', '2020-07-19 16:23:11');
INSERT INTO `acl_role_permission` VALUES ('1284765716596793346', '1193757683205607426', '1195351566221938690', '0', '2020-07-19 16:23:11', '2020-07-19 16:23:11');
INSERT INTO `acl_role_permission` VALUES ('1284765716596793347', '1193757683205607426', '1195351020463296513', '0', '2020-07-19 16:23:11', '2020-07-19 16:23:11');
INSERT INTO `acl_role_permission` VALUES ('1286862106521128961', '1', '1', '0', '2020-07-25 11:13:29', '2020-07-25 11:13:29');
INSERT INTO `acl_role_permission` VALUES ('1286862106525323266', '1', '1195268474480156673', '0', '2020-07-25 11:13:29', '2020-07-25 11:13:29');
INSERT INTO `acl_role_permission` VALUES ('1286862106525323267', '1', '1195268616021139457', '0', '2020-07-25 11:13:29', '2020-07-25 11:13:29');
INSERT INTO `acl_role_permission` VALUES ('1286862106525323268', '1', '1195269143060602882', '0', '2020-07-25 11:13:29', '2020-07-25 11:13:29');
INSERT INTO `acl_role_permission` VALUES ('1286862106525323269', '1', '1195269295926206466', '0', '2020-07-25 11:13:29', '2020-07-25 11:13:29');
INSERT INTO `acl_role_permission` VALUES ('1286862106533711873', '1', '1195269473479483394', '0', '2020-07-25 11:13:29', '2020-07-25 11:13:29');
INSERT INTO `acl_role_permission` VALUES ('1284773622801113090', '1284773494346358786', '1', '0', '2020-07-19 16:54:36', '2020-07-19 16:54:36');
INSERT INTO `acl_role_permission` VALUES ('1284773622805307394', '1284773494346358786', '1195349439240048642', '0', '2020-07-19 16:54:36', '2020-07-19 16:54:36');
INSERT INTO `acl_role_permission` VALUES ('1284773622805307395', '1284773494346358786', '1195349699995734017', '0', '2020-07-19 16:54:36', '2020-07-19 16:54:36');
INSERT INTO `acl_role_permission` VALUES ('1284773622813696002', '1284773494346358786', '1195349979797753857', '0', '2020-07-19 16:54:36', '2020-07-19 16:54:36');
INSERT INTO `acl_role_permission` VALUES ('1284773622813696003', '1284773494346358786', '1195350117270261762', '0', '2020-07-19 16:54:36', '2020-07-19 16:54:36');
INSERT INTO `acl_role_permission` VALUES ('1284773622817890305', '1284773494346358786', '1195350188359520258', '0', '2020-07-19 16:54:36', '2020-07-19 16:54:36');
INSERT INTO `acl_role_permission` VALUES ('1284773622817890306', '1284773494346358786', '1195349810561781761', '0', '2020-07-19 16:54:36', '2020-07-19 16:54:36');
INSERT INTO `acl_role_permission` VALUES ('1284773622817890307', '1284773494346358786', '1195349876252971010', '0', '2020-07-19 16:54:36', '2020-07-19 16:54:36');
INSERT INTO `acl_role_permission` VALUES ('1284777871027085314', '1284777778320384001', '1', '0', '2020-07-19 17:11:29', '2020-07-19 17:11:29');
INSERT INTO `acl_role_permission` VALUES ('1284777871027085315', '1284777778320384001', '1195349439240048642', '0', '2020-07-19 17:11:29', '2020-07-19 17:11:29');
INSERT INTO `acl_role_permission` VALUES ('1284777871027085316', '1284777778320384001', '1195349699995734017', '0', '2020-07-19 17:11:29', '2020-07-19 17:11:29');
INSERT INTO `acl_role_permission` VALUES ('1284777871039668226', '1284777778320384001', '1195349979797753857', '0', '2020-07-19 17:11:29', '2020-07-19 17:11:29');
INSERT INTO `acl_role_permission` VALUES ('1284778324162912258', '1284778238645248001', '1', '0', '2020-07-19 17:13:17', '2020-07-19 17:13:17');
INSERT INTO `acl_role_permission` VALUES ('1284778324171300865', '1284778238645248001', '1195349439240048642', '0', '2020-07-19 17:13:17', '2020-07-19 17:13:17');
INSERT INTO `acl_role_permission` VALUES ('1284778324175495169', '1284778238645248001', '1195349699995734017', '0', '2020-07-19 17:13:17', '2020-07-19 17:13:17');
INSERT INTO `acl_role_permission` VALUES ('1284778324175495170', '1284778238645248001', '1195350117270261762', '0', '2020-07-19 17:13:17', '2020-07-19 17:13:17');
INSERT INTO `acl_role_permission` VALUES ('1284778324175495171', '1284778238645248001', '1195350188359520258', '0', '2020-07-19 17:13:17', '2020-07-19 17:13:17');
INSERT INTO `acl_role_permission` VALUES ('1284778324179689473', '1284778238645248001', '1195349810561781761', '0', '2020-07-19 17:13:17', '2020-07-19 17:13:17');
INSERT INTO `acl_role_permission` VALUES ('1284778324179689474', '1284778238645248001', '1195349876252971010', '0', '2020-07-19 17:13:17', '2020-07-19 17:13:17');
INSERT INTO `acl_role_permission` VALUES ('1284779317009195009', '1284779222461194241', '1', '0', '2020-07-19 17:17:13', '2020-07-19 17:17:13');
INSERT INTO `acl_role_permission` VALUES ('1284779317009195010', '1284779222461194241', '1195349439240048642', '0', '2020-07-19 17:17:13', '2020-07-19 17:17:13');
INSERT INTO `acl_role_permission` VALUES ('1284779317009195011', '1284779222461194241', '1195349699995734017', '0', '2020-07-19 17:17:13', '2020-07-19 17:17:13');
INSERT INTO `acl_role_permission` VALUES ('1284779317009195012', '1284779222461194241', '1195350117270261762', '0', '2020-07-19 17:17:13', '2020-07-19 17:17:13');
INSERT INTO `acl_role_permission` VALUES ('1284775569893498882', '1284775525488402433', '1', '0', '2020-07-19 17:02:20', '2020-07-19 17:02:20');
INSERT INTO `acl_role_permission` VALUES ('1284775569901887489', '1284775525488402433', '1195349439240048642', '0', '2020-07-19 17:02:20', '2020-07-19 17:02:20');
INSERT INTO `acl_role_permission` VALUES ('1284775569906081793', '1284775525488402433', '1195349699995734017', '0', '2020-07-19 17:02:20', '2020-07-19 17:02:20');
INSERT INTO `acl_role_permission` VALUES ('1284775569906081794', '1284775525488402433', '1195349979797753857', '0', '2020-07-19 17:02:20', '2020-07-19 17:02:20');
INSERT INTO `acl_role_permission` VALUES ('1284775569906081795', '1284775525488402433', '1195350117270261762', '0', '2020-07-19 17:02:20', '2020-07-19 17:02:20');
INSERT INTO `acl_role_permission` VALUES ('1284775569906081796', '1284775525488402433', '1195350188359520258', '0', '2020-07-19 17:02:20', '2020-07-19 17:02:20');
INSERT INTO `acl_role_permission` VALUES ('1284775569906081797', '1284775525488402433', '1195349810561781761', '0', '2020-07-19 17:02:20', '2020-07-19 17:02:20');
INSERT INTO `acl_role_permission` VALUES ('1284775569906081798', '1284775525488402433', '1195349876252971010', '0', '2020-07-19 17:02:20', '2020-07-19 17:02:20');
INSERT INTO `acl_role_permission` VALUES ('1284779317009195013', '1284779222461194241', '1195350188359520258', '0', '2020-07-19 17:17:13', '2020-07-19 17:17:13');
INSERT INTO `acl_role_permission` VALUES ('1284779317009195014', '1284779222461194241', '1195349810561781761', '0', '2020-07-19 17:17:13', '2020-07-19 17:17:13');
INSERT INTO `acl_role_permission` VALUES ('1284779317009195015', '1284779222461194241', '1195349876252971010', '0', '2020-07-19 17:17:13', '2020-07-19 17:17:13');
INSERT INTO `acl_role_permission` VALUES ('1286862106533711874', '1', '1195269547269873666', '0', '2020-07-25 11:13:29', '2020-07-25 11:13:29');
INSERT INTO `acl_role_permission` VALUES ('1286862106533711875', '1', '1195268893830864898', '0', '2020-07-25 11:13:29', '2020-07-25 11:13:29');
INSERT INTO `acl_role_permission` VALUES ('1286862106533711876', '1', '1195270744097742849', '0', '2020-07-25 11:13:29', '2020-07-25 11:13:29');
INSERT INTO `acl_role_permission` VALUES ('1286862106533711877', '1', '1195270810560684034', '0', '2020-07-25 11:13:29', '2020-07-25 11:13:29');
INSERT INTO `acl_role_permission` VALUES ('1286862106558877697', '1', '1195270862100291586', '0', '2020-07-25 11:13:29', '2020-07-25 11:13:29');
INSERT INTO `acl_role_permission` VALUES ('1286862106563072001', '1', '1195270887933009922', '0', '2020-07-25 11:13:29', '2020-07-25 11:13:29');
INSERT INTO `acl_role_permission` VALUES ('1286862275262173185', '1', '1', '0', '2020-07-25 11:14:09', '2020-07-25 11:14:09');
INSERT INTO `acl_role_permission` VALUES ('1286862275274756097', '1', '1195268474480156673', '0', '2020-07-25 11:14:09', '2020-07-25 11:14:09');
INSERT INTO `acl_role_permission` VALUES ('1286862275274756098', '1', '1195268616021139457', '0', '2020-07-25 11:14:09', '2020-07-25 11:14:09');
INSERT INTO `acl_role_permission` VALUES ('1286862275274756099', '1', '1195269143060602882', '0', '2020-07-25 11:14:09', '2020-07-25 11:14:09');
INSERT INTO `acl_role_permission` VALUES ('1286862275283144706', '1', '1195269295926206466', '0', '2020-07-25 11:14:09', '2020-07-25 11:14:09');
INSERT INTO `acl_role_permission` VALUES ('1286862275283144707', '1', '1195269473479483394', '0', '2020-07-25 11:14:09', '2020-07-25 11:14:09');
INSERT INTO `acl_role_permission` VALUES ('1286862275283144708', '1', '1195269547269873666', '0', '2020-07-25 11:14:09', '2020-07-25 11:14:09');
INSERT INTO `acl_role_permission` VALUES ('1286862338222870529', '1', '1', '0', '2020-07-25 11:14:24', '2020-07-25 11:14:24');
INSERT INTO `acl_role_permission` VALUES ('1286862338227064834', '1', '1195268474480156673', '0', '2020-07-25 11:14:24', '2020-07-25 11:14:24');
INSERT INTO `acl_role_permission` VALUES ('1286862338227064835', '1', '1195268616021139457', '0', '2020-07-25 11:14:24', '2020-07-25 11:14:24');
INSERT INTO `acl_role_permission` VALUES ('1286862338227064836', '1', '1195269143060602882', '0', '2020-07-25 11:14:24', '2020-07-25 11:14:24');
INSERT INTO `acl_role_permission` VALUES ('1286862338227064837', '1', '1195269295926206466', '0', '2020-07-25 11:14:24', '2020-07-25 11:14:24');
INSERT INTO `acl_role_permission` VALUES ('1286862338227064838', '1', '1195269473479483394', '0', '2020-07-25 11:14:24', '2020-07-25 11:14:24');
INSERT INTO `acl_role_permission` VALUES ('1286862338227064839', '1', '1195269547269873666', '0', '2020-07-25 11:14:24', '2020-07-25 11:14:24');
INSERT INTO `acl_role_permission` VALUES ('1286863153335521282', '1286863112264896514', '1', '0', '2020-07-25 11:17:39', '2020-07-25 11:17:39');
INSERT INTO `acl_role_permission` VALUES ('1286863153343909890', '1286863112264896514', '1195268474480156673', '0', '2020-07-25 11:17:39', '2020-07-25 11:17:39');
INSERT INTO `acl_role_permission` VALUES ('1286863153343909891', '1286863112264896514', '1195268616021139457', '0', '2020-07-25 11:17:39', '2020-07-25 11:17:39');
INSERT INTO `acl_role_permission` VALUES ('1286863153343909892', '1286863112264896514', '1195269143060602882', '0', '2020-07-25 11:17:39', '2020-07-25 11:17:39');
INSERT INTO `acl_role_permission` VALUES ('1286863153343909893', '1286863112264896514', '1195269295926206466', '0', '2020-07-25 11:17:39', '2020-07-25 11:17:39');
INSERT INTO `acl_role_permission` VALUES ('1286863153348104194', '1286863112264896514', '1195269473479483394', '0', '2020-07-25 11:17:39', '2020-07-25 11:17:39');
INSERT INTO `acl_role_permission` VALUES ('1286863153348104195', '1286863112264896514', '1195269547269873666', '0', '2020-07-25 11:17:39', '2020-07-25 11:17:39');
INSERT INTO `acl_role_permission` VALUES ('1286863179554115585', '1286863112264896514', '1', '0', '2020-07-25 11:17:45', '2020-07-25 11:17:45');
INSERT INTO `acl_role_permission` VALUES ('1286954189512658946', '1284773494346358786', '1', '0', '2020-07-25 17:19:23', '2020-07-25 17:19:23');
INSERT INTO `acl_role_permission` VALUES ('1286954189525241857', '1284773494346358786', '1195349439240048642', '0', '2020-07-25 17:19:23', '2020-07-25 17:19:23');
INSERT INTO `acl_role_permission` VALUES ('1286954189529436161', '1284773494346358786', '1195349699995734017', '0', '2020-07-25 17:19:23', '2020-07-25 17:19:23');
INSERT INTO `acl_role_permission` VALUES ('1286954189529436162', '1284773494346358786', '1195349979797753857', '0', '2020-07-25 17:19:23', '2020-07-25 17:19:23');
INSERT INTO `acl_role_permission` VALUES ('1286954189529436163', '1284773494346358786', '1195350117270261762', '0', '2020-07-25 17:19:23', '2020-07-25 17:19:23');
INSERT INTO `acl_role_permission` VALUES ('1286954189529436164', '1284773494346358786', '1195350188359520258', '0', '2020-07-25 17:19:23', '2020-07-25 17:19:23');
INSERT INTO `acl_role_permission` VALUES ('1286864228625043458', '1286864114187653121', '1', '0', '2020-07-25 11:21:55', '2020-07-25 11:21:55');
INSERT INTO `acl_role_permission` VALUES ('1286864228633432065', '1286864114187653121', '1195349439240048642', '0', '2020-07-25 11:21:55', '2020-07-25 11:21:55');
INSERT INTO `acl_role_permission` VALUES ('1286864228633432066', '1286864114187653121', '1195349699995734017', '0', '2020-07-25 11:21:55', '2020-07-25 11:21:55');
INSERT INTO `acl_role_permission` VALUES ('1286864228633432067', '1286864114187653121', '1195349979797753857', '0', '2020-07-25 11:21:55', '2020-07-25 11:21:55');
INSERT INTO `acl_role_permission` VALUES ('1286864228633432068', '1286864114187653121', '1195350117270261762', '0', '2020-07-25 11:21:55', '2020-07-25 11:21:55');
INSERT INTO `acl_role_permission` VALUES ('1286864228637626369', '1286864114187653121', '1195350188359520258', '0', '2020-07-25 11:21:55', '2020-07-25 11:21:55');
INSERT INTO `acl_role_permission` VALUES ('1286864228637626370', '1286864114187653121', '1195349810561781761', '0', '2020-07-25 11:21:55', '2020-07-25 11:21:55');
INSERT INTO `acl_role_permission` VALUES ('1286864228637626371', '1286864114187653121', '1195349876252971010', '0', '2020-07-25 11:21:55', '2020-07-25 11:21:55');
INSERT INTO `acl_role_permission` VALUES ('1286954189529436165', '1284773494346358786', '1195349810561781761', '0', '2020-07-25 17:19:23', '2020-07-25 17:19:23');
INSERT INTO `acl_role_permission` VALUES ('1286954189529436166', '1284773494346358786', '1195349876252971010', '0', '2020-07-25 17:19:23', '2020-07-25 17:19:23');
INSERT INTO `acl_role_permission` VALUES ('1286954189529436167', '1284773494346358786', '1195352547621965825', '0', '2020-07-25 17:19:23', '2020-07-25 17:19:23');
INSERT INTO `acl_role_permission` VALUES ('1286954189529436168', '1284773494346358786', '1195353513549205505', '0', '2020-07-25 17:19:23', '2020-07-25 17:19:23');
INSERT INTO `acl_role_permission` VALUES ('1286954189529436169', '1284773494346358786', '1195352856645701633', '0', '2020-07-25 17:19:23', '2020-07-25 17:19:23');
INSERT INTO `acl_role_permission` VALUES ('1286954189529436170', '1284773494346358786', '1195352909401657346', '0', '2020-07-25 17:19:23', '2020-07-25 17:19:23');
INSERT INTO `acl_role_permission` VALUES ('1286954189529436171', '1284773494346358786', '1195353051395624961', '0', '2020-07-25 17:19:23', '2020-07-25 17:19:23');
INSERT INTO `acl_role_permission` VALUES ('1286954189529436172', '1284773494346358786', '1195353672110673921', '0', '2020-07-25 17:19:23', '2020-07-25 17:19:23');
INSERT INTO `acl_role_permission` VALUES ('1398907261163294722', '1', '1', '0', '2021-05-30 15:40:56', '2021-05-30 15:40:56');
INSERT INTO `acl_role_permission` VALUES ('1398907261184266241', '1', '1195268474480156673', '0', '2021-05-30 15:40:56', '2021-05-30 15:40:56');
INSERT INTO `acl_role_permission` VALUES ('1398907261184266242', '1', '1195268616021139457', '0', '2021-05-30 15:40:56', '2021-05-30 15:40:56');
INSERT INTO `acl_role_permission` VALUES ('1398907261188460546', '1', '1195269143060602882', '0', '2021-05-30 15:40:56', '2021-05-30 15:40:56');
INSERT INTO `acl_role_permission` VALUES ('1398907261188460547', '1', '1195269295926206466', '0', '2021-05-30 15:40:56', '2021-05-30 15:40:56');
INSERT INTO `acl_role_permission` VALUES ('1398907261192654850', '1', '1195269473479483394', '0', '2021-05-30 15:40:56', '2021-05-30 15:40:56');
INSERT INTO `acl_role_permission` VALUES ('1398907261192654851', '1', '1195269547269873666', '0', '2021-05-30 15:40:56', '2021-05-30 15:40:56');
INSERT INTO `acl_role_permission` VALUES ('1398907261201043457', '1', '1196301740985311234', '0', '2021-05-30 15:40:56', '2021-05-30 15:40:56');
INSERT INTO `acl_role_permission` VALUES ('1398907261201043458', '1', '1195268788138598401', '0', '2021-05-30 15:40:56', '2021-05-30 15:40:56');
INSERT INTO `acl_role_permission` VALUES ('1398907261205237762', '1', '1195269821262782465', '0', '2021-05-30 15:40:56', '2021-05-30 15:40:56');
INSERT INTO `acl_role_permission` VALUES ('1398907261205237763', '1', '1195269903542444034', '0', '2021-05-30 15:40:56', '2021-05-30 15:40:56');
INSERT INTO `acl_role_permission` VALUES ('1398907261205237764', '1', '1195270037005197313', '0', '2021-05-30 15:40:56', '2021-05-30 15:40:56');
INSERT INTO `acl_role_permission` VALUES ('1398907261209432066', '1', '1195270442602782721', '0', '2021-05-30 15:40:56', '2021-05-30 15:40:56');
INSERT INTO `acl_role_permission` VALUES ('1398907261209432067', '1', '1195270621548568578', '0', '2021-05-30 15:40:56', '2021-05-30 15:40:56');
INSERT INTO `acl_role_permission` VALUES ('1398907261209432068', '1', '1195268893830864898', '0', '2021-05-30 15:40:56', '2021-05-30 15:40:56');
INSERT INTO `acl_role_permission` VALUES ('1398907261213626370', '1', '1195270744097742849', '0', '2021-05-30 15:40:56', '2021-05-30 15:40:56');
INSERT INTO `acl_role_permission` VALUES ('1398907261222014977', '1', '1195270810560684034', '0', '2021-05-30 15:40:56', '2021-05-30 15:40:56');
INSERT INTO `acl_role_permission` VALUES ('1398907261226209281', '1', '1195270862100291586', '0', '2021-05-30 15:40:56', '2021-05-30 15:40:56');
INSERT INTO `acl_role_permission` VALUES ('1398907261226209282', '1', '1195270887933009922', '0', '2021-05-30 15:40:56', '2021-05-30 15:40:56');
INSERT INTO `acl_role_permission` VALUES ('1398907261230403585', '1', '1195349439240048642', '0', '2021-05-30 15:40:56', '2021-05-30 15:40:56');
INSERT INTO `acl_role_permission` VALUES ('1398907261230403586', '1', '1195349699995734017', '0', '2021-05-30 15:40:56', '2021-05-30 15:40:56');
INSERT INTO `acl_role_permission` VALUES ('1398907261230403587', '1', '1195349979797753857', '0', '2021-05-30 15:40:56', '2021-05-30 15:40:56');
INSERT INTO `acl_role_permission` VALUES ('1398907261234597889', '1', '1195350117270261762', '0', '2021-05-30 15:40:56', '2021-05-30 15:40:56');
INSERT INTO `acl_role_permission` VALUES ('1398907261234597890', '1', '1195350188359520258', '0', '2021-05-30 15:40:56', '2021-05-30 15:40:56');
INSERT INTO `acl_role_permission` VALUES ('1398907261234597891', '1', '1195349810561781761', '0', '2021-05-30 15:40:56', '2021-05-30 15:40:56');
INSERT INTO `acl_role_permission` VALUES ('1398907261238792194', '1', '1195349876252971010', '0', '2021-05-30 15:40:56', '2021-05-30 15:40:56');
INSERT INTO `acl_role_permission` VALUES ('1398907261238792195', '1', '1195350299365969922', '0', '2021-05-30 15:40:56', '2021-05-30 15:40:56');
INSERT INTO `acl_role_permission` VALUES ('1398907261238792196', '1', '1195350397751758850', '0', '2021-05-30 15:40:56', '2021-05-30 15:40:56');
INSERT INTO `acl_role_permission` VALUES ('1398907261242986498', '1', '1195350612172967938', '0', '2021-05-30 15:40:56', '2021-05-30 15:40:56');
INSERT INTO `acl_role_permission` VALUES ('1398907261242986499', '1', '1195350500512206850', '0', '2021-05-30 15:40:56', '2021-05-30 15:40:56');
INSERT INTO `acl_role_permission` VALUES ('1398907261242986500', '1', '1195350687590748161', '0', '2021-05-30 15:40:56', '2021-05-30 15:40:56');
INSERT INTO `acl_role_permission` VALUES ('1398907261507227650', '1', '1195350831744782337', '0', '2021-05-30 15:40:56', '2021-05-30 15:40:56');
INSERT INTO `acl_role_permission` VALUES ('1398907261515616257', '1', '1195350919074385921', '0', '2021-05-30 15:40:56', '2021-05-30 15:40:56');
INSERT INTO `acl_role_permission` VALUES ('1398907261524004866', '1', '1195351159672246274', '0', '2021-05-30 15:40:56', '2021-05-30 15:40:56');
INSERT INTO `acl_role_permission` VALUES ('1398907261528199170', '1', '1195351326706208770', '0', '2021-05-30 15:40:56', '2021-05-30 15:40:56');
INSERT INTO `acl_role_permission` VALUES ('1398907261528199171', '1', '1195351566221938690', '0', '2021-05-30 15:40:56', '2021-05-30 15:40:56');
INSERT INTO `acl_role_permission` VALUES ('1398907261532393474', '1', '1195351862889254913', '0', '2021-05-30 15:40:56', '2021-05-30 15:40:56');
INSERT INTO `acl_role_permission` VALUES ('1398907261536587778', '1', '1195351968841568257', '0', '2021-05-30 15:40:56', '2021-05-30 15:40:56');
INSERT INTO `acl_role_permission` VALUES ('1398907261536587779', '1', '1195352215768633346', '0', '2021-05-30 15:40:56', '2021-05-30 15:40:56');
INSERT INTO `acl_role_permission` VALUES ('1398907261549170689', '1', '1195352054917074946', '0', '2021-05-30 15:40:56', '2021-05-30 15:40:56');
INSERT INTO `acl_role_permission` VALUES ('1398907261553364993', '1', '1195352127734386690', '0', '2021-05-30 15:40:56', '2021-05-30 15:40:56');
INSERT INTO `acl_role_permission` VALUES ('1398907261553364994', '1', '1195352547621965825', '0', '2021-05-30 15:40:56', '2021-05-30 15:40:56');
INSERT INTO `acl_role_permission` VALUES ('1398907261565947905', '1', '1195353513549205505', '0', '2021-05-30 15:40:56', '2021-05-30 15:40:56');
INSERT INTO `acl_role_permission` VALUES ('1398907261565947906', '1', '1195352856645701633', '0', '2021-05-30 15:40:56', '2021-05-30 15:40:56');
INSERT INTO `acl_role_permission` VALUES ('1398907261565947907', '1', '1195352909401657346', '0', '2021-05-30 15:40:56', '2021-05-30 15:40:56');
INSERT INTO `acl_role_permission` VALUES ('1398907261565947908', '1', '1195353051395624961', '0', '2021-05-30 15:40:56', '2021-05-30 15:40:56');
INSERT INTO `acl_role_permission` VALUES ('1398907261565947909', '1', '1195353672110673921', '0', '2021-05-30 15:40:56', '2021-05-30 15:40:56');
INSERT INTO `acl_role_permission` VALUES ('1398907261565947910', '1', '1195354076890370050', '0', '2021-05-30 15:40:56', '2021-05-30 15:40:56');
INSERT INTO `acl_role_permission` VALUES ('1398907261565947911', '1', '1195354153482555393', '0', '2021-05-30 15:40:56', '2021-05-30 15:40:56');
INSERT INTO `acl_role_permission` VALUES ('1398907261565947912', '1', '1195354315093282817', '0', '2021-05-30 15:40:56', '2021-05-30 15:40:56');
INSERT INTO `acl_role_permission` VALUES ('1408607579750072321', '1', '1195268474480156673', '0', '2021-06-26 02:06:32', '2021-06-26 02:06:32');
INSERT INTO `acl_role_permission` VALUES ('1408607579750072322', '1', '1195268616021139457', '0', '2021-06-26 02:06:32', '2021-06-26 02:06:32');
INSERT INTO `acl_role_permission` VALUES ('1408607579750072323', '1', '1195269143060602882', '0', '2021-06-26 02:06:32', '2021-06-26 02:06:32');
INSERT INTO `acl_role_permission` VALUES ('1408607579750072324', '1', '1195269295926206466', '0', '2021-06-26 02:06:32', '2021-06-26 02:06:32');
INSERT INTO `acl_role_permission` VALUES ('1408607579821375489', '1', '1195269473479483394', '0', '2021-06-26 02:06:32', '2021-06-26 02:06:32');
INSERT INTO `acl_role_permission` VALUES ('1408607579821375490', '1', '1195269547269873666', '0', '2021-06-26 02:06:32', '2021-06-26 02:06:32');
INSERT INTO `acl_role_permission` VALUES ('1408607579821375491', '1', '1196301740985311234', '0', '2021-06-26 02:06:32', '2021-06-26 02:06:32');
INSERT INTO `acl_role_permission` VALUES ('1408607579821375492', '1', '1195268788138598401', '0', '2021-06-26 02:06:32', '2021-06-26 02:06:32');
INSERT INTO `acl_role_permission` VALUES ('1408607579821375493', '1', '1195269821262782465', '0', '2021-06-26 02:06:32', '2021-06-26 02:06:32');
INSERT INTO `acl_role_permission` VALUES ('1408607579821375494', '1', '1195269903542444034', '0', '2021-06-26 02:06:32', '2021-06-26 02:06:32');
INSERT INTO `acl_role_permission` VALUES ('1408607579821375495', '1', '1195270037005197313', '0', '2021-06-26 02:06:32', '2021-06-26 02:06:32');
INSERT INTO `acl_role_permission` VALUES ('1408607579821375496', '1', '1195270442602782721', '0', '2021-06-26 02:06:32', '2021-06-26 02:06:32');
INSERT INTO `acl_role_permission` VALUES ('1408607579821375497', '1', '1195270621548568578', '0', '2021-06-26 02:06:32', '2021-06-26 02:06:32');
INSERT INTO `acl_role_permission` VALUES ('1408607579821375498', '1', '1195268893830864898', '0', '2021-06-26 02:06:32', '2021-06-26 02:06:32');
INSERT INTO `acl_role_permission` VALUES ('1408607579821375499', '1', '1195270744097742849', '0', '2021-06-26 02:06:32', '2021-06-26 02:06:32');
INSERT INTO `acl_role_permission` VALUES ('1408607579821375500', '1', '1195270810560684034', '0', '2021-06-26 02:06:32', '2021-06-26 02:06:32');
INSERT INTO `acl_role_permission` VALUES ('1408607579821375501', '1', '1195270862100291586', '0', '2021-06-26 02:06:32', '2021-06-26 02:06:32');
INSERT INTO `acl_role_permission` VALUES ('1408607579821375502', '1', '1195270887933009922', '0', '2021-06-26 02:06:32', '2021-06-26 02:06:32');
INSERT INTO `acl_role_permission` VALUES ('1408607579821375503', '1', '1195349979797753857', '0', '2021-06-26 02:06:32', '2021-06-26 02:06:32');
INSERT INTO `acl_role_permission` VALUES ('1408607579821375504', '1', '1195350117270261762', '0', '2021-06-26 02:06:32', '2021-06-26 02:06:32');
INSERT INTO `acl_role_permission` VALUES ('1408607579821375505', '1', '1195350188359520258', '0', '2021-06-26 02:06:32', '2021-06-26 02:06:32');
INSERT INTO `acl_role_permission` VALUES ('1408607579821375506', '1', '1195349810561781761', '0', '2021-06-26 02:06:32', '2021-06-26 02:06:32');
INSERT INTO `acl_role_permission` VALUES ('1408607579821375507', '1', '1195349876252971010', '0', '2021-06-26 02:06:32', '2021-06-26 02:06:32');
INSERT INTO `acl_role_permission` VALUES ('1408607579821375508', '1', '1195350299365969922', '0', '2021-06-26 02:06:32', '2021-06-26 02:06:32');
INSERT INTO `acl_role_permission` VALUES ('1408607579821375509', '1', '1195350397751758850', '0', '2021-06-26 02:06:32', '2021-06-26 02:06:32');
INSERT INTO `acl_role_permission` VALUES ('1408607579821375510', '1', '1195350612172967938', '0', '2021-06-26 02:06:32', '2021-06-26 02:06:32');
INSERT INTO `acl_role_permission` VALUES ('1408607579821375511', '1', '1195350500512206850', '0', '2021-06-26 02:06:32', '2021-06-26 02:06:32');
INSERT INTO `acl_role_permission` VALUES ('1408607579821375512', '1', '1195350687590748161', '0', '2021-06-26 02:06:32', '2021-06-26 02:06:32');
INSERT INTO `acl_role_permission` VALUES ('1408607579821375513', '1', '1195351159672246274', '0', '2021-06-26 02:06:32', '2021-06-26 02:06:32');
INSERT INTO `acl_role_permission` VALUES ('1408607579821375514', '1', '1195351326706208770', '0', '2021-06-26 02:06:32', '2021-06-26 02:06:32');
INSERT INTO `acl_role_permission` VALUES ('1408607579821375515', '1', '1195351566221938690', '0', '2021-06-26 02:06:32', '2021-06-26 02:06:32');
INSERT INTO `acl_role_permission` VALUES ('1408607580077228034', '1', '1195351862889254913', '0', '2021-06-26 02:06:32', '2021-06-26 02:06:32');
INSERT INTO `acl_role_permission` VALUES ('1408607580077228035', '1', '1195351968841568257', '0', '2021-06-26 02:06:32', '2021-06-26 02:06:32');
INSERT INTO `acl_role_permission` VALUES ('1408607580077228036', '1', '1195352215768633346', '0', '2021-06-26 02:06:32', '2021-06-26 02:06:32');
INSERT INTO `acl_role_permission` VALUES ('1408607580077228037', '1', '1195352054917074946', '0', '2021-06-26 02:06:32', '2021-06-26 02:06:32');
INSERT INTO `acl_role_permission` VALUES ('1408607580077228038', '1', '1195352127734386690', '0', '2021-06-26 02:06:32', '2021-06-26 02:06:32');
INSERT INTO `acl_role_permission` VALUES ('1408607580077228039', '1', '1195352856645701633', '0', '2021-06-26 02:06:32', '2021-06-26 02:06:32');
INSERT INTO `acl_role_permission` VALUES ('1408607580077228040', '1', '1195352909401657346', '0', '2021-06-26 02:06:32', '2021-06-26 02:06:32');
INSERT INTO `acl_role_permission` VALUES ('1408607580077228041', '1', '1195353051395624961', '0', '2021-06-26 02:06:32', '2021-06-26 02:06:32');
INSERT INTO `acl_role_permission` VALUES ('1408607580144336897', '1', '1195353672110673921', '0', '2021-06-26 02:06:32', '2021-06-26 02:06:32');
INSERT INTO `acl_role_permission` VALUES ('1408607580144336898', '1', '1195354076890370050', '0', '2021-06-26 02:06:32', '2021-06-26 02:06:32');
INSERT INTO `acl_role_permission` VALUES ('1408607580144336899', '1', '1195354153482555393', '0', '2021-06-26 02:06:32', '2021-06-26 02:06:32');
INSERT INTO `acl_role_permission` VALUES ('1408607580144336900', '1', '1195354315093282817', '0', '2021-06-26 02:06:32', '2021-06-26 02:06:32');

-- ----------------------------
-- Table structure for `acl_user`
-- ----------------------------
DROP TABLE IF EXISTS `acl_user`;
CREATE TABLE `acl_user` (
  `id` char(19) NOT NULL COMMENT '会员id',
  `username` varchar(20) NOT NULL DEFAULT '' COMMENT '微信openid',
  `password` varchar(100) NOT NULL DEFAULT '' COMMENT '密码',
  `nick_name` varchar(50) DEFAULT NULL COMMENT '昵称',
  `salt` varchar(255) DEFAULT NULL COMMENT '用户头像',
  `token` varchar(100) DEFAULT NULL COMMENT '用户签名',
  `is_deleted` tinyint unsigned NOT NULL DEFAULT '0' COMMENT '逻辑删除 1（true）已删除， 0（false）未删除',
  `gmt_create` datetime NOT NULL COMMENT '创建时间',
  `gmt_modified` datetime NOT NULL COMMENT '更新时间',
  PRIMARY KEY (`id`),
  UNIQUE KEY `uk_username` (`username`)
) ENGINE=MyISAM DEFAULT CHARSET=utf8mb3;

-- ----------------------------
-- Records of acl_user
-- ----------------------------
INSERT INTO `acl_user` VALUES ('1', 'admin', 'b0baee9d279d34fa1dfd71aadb908c3f', 'admin', '', null, '0', '2019-11-01 10:39:47', '2019-11-01 10:39:47');
INSERT INTO `acl_user` VALUES ('1286992617923039234', 'test', 'b0baee9d279d34fa1dfd71aadb908c3f', '测试', null, null, '0', '2020-07-25 19:52:05', '2020-10-11 14:26:25');

-- ----------------------------
-- Table structure for `acl_user_role`
-- ----------------------------
DROP TABLE IF EXISTS `acl_user_role`;
CREATE TABLE `acl_user_role` (
  `id` char(19) NOT NULL DEFAULT '' COMMENT '主键id',
  `role_id` char(19) NOT NULL DEFAULT '0' COMMENT '角色id',
  `user_id` char(19) NOT NULL DEFAULT '0' COMMENT '用户id',
  `is_deleted` tinyint unsigned NOT NULL DEFAULT '0' COMMENT '逻辑删除 1（true）已删除， 0（false）未删除',
  `gmt_create` datetime NOT NULL COMMENT '创建时间',
  `gmt_modified` datetime NOT NULL COMMENT '更新时间',
  PRIMARY KEY (`id`),
  KEY `idx_role_id` (`role_id`),
  KEY `idx_user_id` (`user_id`)
) ENGINE=MyISAM DEFAULT CHARSET=utf8mb3;

-- ----------------------------
-- Records of acl_user_role
-- ----------------------------
INSERT INTO `acl_user_role` VALUES ('1284768644447477761', '1193757683205607426', '2', '0', '2020-07-19 16:34:49', '2020-07-19 16:34:49');
INSERT INTO `acl_user_role` VALUES ('1284767425402380290', '1', '1282259855857123330', '0', '2020-07-19 16:29:58', '2020-07-19 16:29:58');
INSERT INTO `acl_user_role` VALUES ('1284767425381408770', '1193757683205607426', '1282259855857123330', '0', '2020-07-19 16:29:58', '2020-07-19 16:29:58');
INSERT INTO `acl_user_role` VALUES ('1284767425410768897', '1282295347587723266', '1282259855857123330', '0', '2020-07-19 16:29:58', '2020-07-19 16:29:58');
INSERT INTO `acl_user_role` VALUES ('1284767425414963201', '1282295371264569345', '1282259855857123330', '0', '2020-07-19 16:29:58', '2020-07-19 16:29:58');
INSERT INTO `acl_user_role` VALUES ('1284767425419157506', '1282295397000818690', '1282259855857123330', '0', '2020-07-19 16:29:58', '2020-07-19 16:29:58');
INSERT INTO `acl_user_role` VALUES ('1284767425419157507', '1196300996034977794', '1282259855857123330', '0', '2020-07-19 16:29:58', '2020-07-19 16:29:58');
INSERT INTO `acl_user_role` VALUES ('1284771215727796225', '1193757683205607426', '1284771154067333122', '0', '2020-07-19 16:45:02', '2020-07-19 16:45:02');
INSERT INTO `acl_user_role` VALUES ('1284772390309076993', '1196300996034977794', '1284772297694650369', '0', '2020-07-19 16:49:42', '2020-07-19 16:49:42');
INSERT INTO `acl_user_role` VALUES ('1284775181496754178', '1284773494346358786', '1284774387745693698', '0', '2020-07-19 17:00:47', '2020-07-19 17:00:47');
INSERT INTO `acl_user_role` VALUES ('1284775377882456066', '1284773494346358786', '1284775342629330946', '0', '2020-07-19 17:01:34', '2020-07-19 17:01:34');
INSERT INTO `acl_user_role` VALUES ('1284775716090159105', '1284775525488402433', '1284775679457107969', '0', '2020-07-19 17:02:55', '2020-07-19 17:02:55');
INSERT INTO `acl_user_role` VALUES ('1284777963264024578', '1284777778320384001', '1284777932683354113', '0', '2020-07-19 17:11:51', '2020-07-19 17:11:51');
INSERT INTO `acl_user_role` VALUES ('1284779071332032514', '1284778238645248001', '1284779037001654273', '0', '2020-07-19 17:16:15', '2020-07-19 17:16:15');
INSERT INTO `acl_user_role` VALUES ('1284779399506960386', '1284779222461194241', '1284779370419462145', '0', '2020-07-19 17:17:33', '2020-07-19 17:17:33');
INSERT INTO `acl_user_role` VALUES ('1286845184182210561', '1284773494346358786', '1286845125843636226', '0', '2020-07-25 10:06:14', '2020-07-25 10:06:14');
INSERT INTO `acl_user_role` VALUES ('1286847939370176513', '1284773494346358786', '1286845223646416897', '0', '2020-07-25 10:17:11', '2020-07-25 10:17:11');
INSERT INTO `acl_user_role` VALUES ('1286847939370176514', '1193757683205607426', '1286845223646416897', '0', '2020-07-25 10:17:11', '2020-07-25 10:17:11');
INSERT INTO `acl_user_role` VALUES ('1286853295710294017', '1284773494346358786', '1286851335145803778', '0', '2020-07-25 10:38:28', '2020-07-25 10:38:28');
INSERT INTO `acl_user_role` VALUES ('1286853295701905409', '1193757683205607426', '1286851335145803778', '0', '2020-07-25 10:38:28', '2020-07-25 10:38:28');
INSERT INTO `acl_user_role` VALUES ('1286853295710294018', '1', '1286851335145803778', '0', '2020-07-25 10:38:28', '2020-07-25 10:38:28');
INSERT INTO `acl_user_role` VALUES ('1286854473105952770', '1193757683205607426', '1286854407976800258', '0', '2020-07-25 10:43:09', '2020-07-25 10:43:09');
INSERT INTO `acl_user_role` VALUES ('1286854473110147073', '1284773494346358786', '1286854407976800258', '0', '2020-07-25 10:43:09', '2020-07-25 10:43:09');
INSERT INTO `acl_user_role` VALUES ('1286861404570800129', '1284773494346358786', '1286860986134450178', '0', '2020-07-25 11:10:42', '2020-07-25 11:10:42');
INSERT INTO `acl_user_role` VALUES ('1286861404562411521', '1193757683205607426', '1286860986134450178', '0', '2020-07-25 11:10:42', '2020-07-25 11:10:42');
INSERT INTO `acl_user_role` VALUES ('1286861404583383041', '1', '1286860986134450178', '0', '2020-07-25 11:10:42', '2020-07-25 11:10:42');
INSERT INTO `acl_user_role` VALUES ('1286864616405225473', '1286863112264896514', '1286861701103898625', '0', '2020-07-25 11:23:28', '2020-07-25 11:23:28');
INSERT INTO `acl_user_role` VALUES ('1286864616405225474', '1286864114187653121', '1286861701103898625', '0', '2020-07-25 11:23:28', '2020-07-25 11:23:28');
INSERT INTO `acl_user_role` VALUES ('1286864932005629954', '1286864114187653121', '1286864843954606082', '0', '2020-07-25 11:24:43', '2020-07-25 11:24:43');
INSERT INTO `acl_user_role` VALUES ('1286864932005629955', '1286863112264896514', '1286864843954606082', '0', '2020-07-25 11:24:43', '2020-07-25 11:24:43');
INSERT INTO `acl_user_role` VALUES ('1286865384407453698', '1286863112264896514', '1286865323715874818', '0', '2020-07-25 11:26:31', '2020-07-25 11:26:31');
INSERT INTO `acl_user_role` VALUES ('1286865384407453699', '1284773494346358786', '1286865323715874818', '0', '2020-07-25 11:26:31', '2020-07-25 11:26:31');
INSERT INTO `acl_user_role` VALUES ('1286865706441920513', '1286863112264896514', '1286865654742929410', '0', '2020-07-25 11:27:47', '2020-07-25 11:27:47');
INSERT INTO `acl_user_role` VALUES ('1286865706441920514', '1284773494346358786', '1286865654742929410', '0', '2020-07-25 11:27:47', '2020-07-25 11:27:47');
INSERT INTO `acl_user_role` VALUES ('1286918066958671873', '1284773494346358786', '1286866665381449729', '0', '2020-07-25 14:55:51', '2020-07-25 14:55:51');
INSERT INTO `acl_user_role` VALUES ('1286918066958671874', '1193757683205607426', '1286866665381449729', '0', '2020-07-25 14:55:51', '2020-07-25 14:55:51');
INSERT INTO `acl_user_role` VALUES ('1398907478382104577', '1284773494346358786', '1286992617923039234', '0', '2021-05-30 15:41:47', '2021-05-30 15:41:47');

-- ----------------------------
-- Table structure for `crm_banner`
-- ----------------------------
DROP TABLE IF EXISTS `crm_banner`;
CREATE TABLE `crm_banner` (
  `id` char(19) NOT NULL DEFAULT '' COMMENT 'ID',
  `title` varchar(20) DEFAULT '' COMMENT '标题',
  `image_url` varchar(500) NOT NULL DEFAULT '' COMMENT '图片地址',
  `link_url` varchar(500) DEFAULT '' COMMENT '链接地址',
  `sort` int unsigned NOT NULL DEFAULT '0' COMMENT '排序',
  `is_deleted` tinyint unsigned NOT NULL DEFAULT '0' COMMENT '逻辑删除 1（true）已删除， 0（false）未删除',
  `gmt_create` datetime NOT NULL COMMENT '创建时间',
  `gmt_modified` datetime NOT NULL COMMENT '更新时间',
  PRIMARY KEY (`id`),
  UNIQUE KEY `uk_name` (`title`)
) ENGINE=MyISAM DEFAULT CHARSET=utf8mb3;

-- ----------------------------
-- Records of crm_banner
-- ----------------------------
INSERT INTO `crm_banner` VALUES ('1406433484069482497', '夕阳西下', 'https://edu-gulixy.oss-cn-beijing.aliyuncs.com/2021/06/20/c4b037ed9b244e00b1e51790ccdf105e83ea617699dfa7e27e6c48e80659eb65.jpeg', '', '2', '0', '2021-06-20 02:07:28', '2021-06-20 02:09:47');
INSERT INTO `crm_banner` VALUES ('1406432539864543233', '江山如画', 'https://edu-gulixy.oss-cn-beijing.aliyuncs.com/2021/06/20/d6db9413fa0f4bf19e071ef5473bc6cf1003.jpg', '', '1', '0', '2021-06-20 02:03:42', '2021-06-20 02:03:42');
INSERT INTO `crm_banner` VALUES ('1406433570442784769', '碧海蓝天', 'https://edu-gulixy.oss-cn-beijing.aliyuncs.com/2021/06/20/3d350a175bd44064a52aaada8dbd69ade45d390908684eb75c87d860b800cc75.jpeg', '', '3', '0', '2021-06-20 02:07:48', '2021-06-22 14:16:00');
INSERT INTO `crm_banner` VALUES ('1407342446826565634', 'test1', '/static/cover.jpg', '', '4', '0', '2021-06-22 14:19:21', '2021-06-23 11:24:43');

-- ----------------------------
-- Table structure for `edu_chapter`
-- ----------------------------
DROP TABLE IF EXISTS `edu_chapter`;
CREATE TABLE `edu_chapter` (
  `id` char(19) NOT NULL COMMENT '章节ID',
  `course_id` char(19) NOT NULL COMMENT '课程ID',
  `title` varchar(50) NOT NULL COMMENT '章节名称',
  `sort` int unsigned NOT NULL DEFAULT '0' COMMENT '显示排序',
  `gmt_create` datetime NOT NULL COMMENT '创建时间',
  `gmt_modified` datetime NOT NULL COMMENT '更新时间',
  PRIMARY KEY (`id`),
  KEY `idx_course_id` (`course_id`)
) ENGINE=InnoDB DEFAULT CHARSET=utf8mb3 ROW_FORMAT=COMPACT COMMENT='课程';

-- ----------------------------
-- Records of edu_chapter
-- ----------------------------
INSERT INTO `edu_chapter` VALUES ('1', '17', '第一章：HTML', '0', '2019-01-01 12:27:40', '2019-01-01 12:55:30');
INSERT INTO `edu_chapter` VALUES ('1181729226915577857', '18', '第七章：I/O流', '7', '2019-10-09 08:32:58', '2019-10-09 08:33:20');
INSERT INTO `edu_chapter` VALUES ('1192252428399751169', '1192252213659774977', '第一章节', '0', '2019-11-07 09:28:25', '2019-11-07 09:28:25');
INSERT INTO `edu_chapter` VALUES ('1266584855850504193', '1266575349078810625', '第一章  Python 入门简介', '1', '2020-05-30 12:18:56', '2020-05-30 12:18:56');
INSERT INTO `edu_chapter` VALUES ('1266585100864966657', '1266575349078810625', '第三章  Python 语法', '3', '2020-05-30 12:19:54', '2020-05-30 12:19:54');
INSERT INTO `edu_chapter` VALUES ('1266585289717698562', '1266575349078810625', '第二章      Python 发展历程', '2', '2020-05-30 12:20:39', '2020-05-30 12:20:39');
INSERT INTO `edu_chapter` VALUES ('1266586048043667458', '1266575349078810625', '第四章                Python函数', '4', '2020-05-30 12:23:40', '2020-05-30 12:23:40');
INSERT INTO `edu_chapter` VALUES ('1266668760746053633', '1266668643049689089', '第一章 js简介', '1', '2020-05-30 17:52:20', '2020-05-30 17:52:20');
INSERT INTO `edu_chapter` VALUES ('1266668828173684737', '1266668643049689089', '第二章 js基本语法', '2', '2020-05-30 17:52:36', '2020-05-30 17:52:36');
INSERT INTO `edu_chapter` VALUES ('1267008307761754114', '1267008114316259329', '第一章 SSM', '1', '2020-05-31 16:21:35', '2020-05-31 16:21:59');
INSERT INTO `edu_chapter` VALUES ('1267039485642305538', '1267039450607284226', '666', '1', '2020-05-31 18:25:28', '2020-05-31 18:25:28');
INSERT INTO `edu_chapter` VALUES ('1267084034473435137', '1267084000843505665', 'ddddddddd', '1', '2020-05-31 21:22:29', '2020-05-31 21:22:29');
INSERT INTO `edu_chapter` VALUES ('1267084206121132033', '1267084178556166146', 'fffffffffffffffdd', '1', '2020-05-31 21:23:10', '2020-05-31 21:23:10');
INSERT INTO `edu_chapter` VALUES ('1267272639342870530', '1267272609399734274', 'C', '1', '2020-06-01 09:51:56', '2020-06-01 09:51:56');
INSERT INTO `edu_chapter` VALUES ('1267399989061636097', '1267399797197393922', 'dd', '1', '2020-06-01 18:17:59', '2020-06-01 18:17:59');
INSERT INTO `edu_chapter` VALUES ('1267400680916275202', '1267400646678171649', 'fff', '1', '2020-06-01 18:20:44', '2020-06-01 18:20:44');
INSERT INTO `edu_chapter` VALUES ('1267426836784783361', '1267426809559556097', 'ttt', '1', '2020-06-01 20:04:40', '2020-06-01 20:04:40');
INSERT INTO `edu_chapter` VALUES ('1267434528194600962', '1267434504647778305', 'dd', '1', '2020-06-01 20:35:13', '2020-06-01 20:35:13');
INSERT INTO `edu_chapter` VALUES ('1267437698970984450', '1267437669342420994', 'fff', '1', '2020-06-01 20:47:49', '2020-06-01 20:47:49');
INSERT INTO `edu_chapter` VALUES ('1267628566873018369', '1267628457380712450', 'jjj', '1', '2020-06-02 09:26:16', '2020-06-02 09:26:16');
INSERT INTO `edu_chapter` VALUES ('1267640304695676929', '1267640277961183234', 'yyy', '1', '2020-06-02 10:12:54', '2020-06-02 10:12:54');
INSERT INTO `edu_chapter` VALUES ('1267718604344512513', '1267718558907617281', 'rrr', '1', '2020-06-02 15:24:03', '2020-06-02 15:24:03');
INSERT INTO `edu_chapter` VALUES ('1267727035071713281', '1266379942260350978', '666', '7', '2020-06-02 15:57:33', '2020-06-02 15:57:33');
INSERT INTO `edu_chapter` VALUES ('1267732755875758082', '1267732724565278722', 'dd', '1', '2020-06-02 16:20:16', '2020-06-02 16:20:16');
INSERT INTO `edu_chapter` VALUES ('1267735122067300354', '1267735099590025218', '1', '1111', '2020-06-02 16:29:41', '2020-06-02 16:29:41');
INSERT INTO `edu_chapter` VALUES ('1267735161443426306', '1267735099590025218', '1', '1', '2020-06-02 16:29:50', '2020-06-02 16:29:50');
INSERT INTO `edu_chapter` VALUES ('1267735196977569794', '1267735099590025218', '22', '11', '2020-06-02 16:29:58', '2020-06-02 16:29:58');
INSERT INTO `edu_chapter` VALUES ('15', '18', '第一章：Java入门', '1', '2019-01-01 12:27:40', '2020-05-30 15:18:24');
INSERT INTO `edu_chapter` VALUES ('3', '14', '第二章：CSS', '0', '2019-01-01 12:55:35', '2019-01-01 12:27:40');
INSERT INTO `edu_chapter` VALUES ('32', '18', '第二章：控制台输入和输出', '2', '2019-01-01 12:27:40', '2019-01-01 12:27:40');
INSERT INTO `edu_chapter` VALUES ('44', '18', '第三章：控制流', '3', '2019-01-01 12:27:40', '2019-01-01 12:27:40');

-- ----------------------------
-- Table structure for `edu_comment`
-- ----------------------------
DROP TABLE IF EXISTS `edu_comment`;
CREATE TABLE `edu_comment` (
  `id` char(19) NOT NULL COMMENT '讲师ID',
  `course_id` varchar(19) NOT NULL DEFAULT '' COMMENT '课程id',
  `teacher_id` char(19) NOT NULL DEFAULT '' COMMENT '讲师id',
  `member_id` varchar(50) NOT NULL DEFAULT '' COMMENT '会员id',
  `nickname` varchar(50) DEFAULT NULL COMMENT '会员昵称',
  `avatar` varchar(255) DEFAULT NULL COMMENT '会员头像',
  `content` varchar(500) DEFAULT NULL COMMENT '评论内容',
  `is_deleted` tinyint unsigned NOT NULL DEFAULT '0' COMMENT '逻辑删除 1（true）已删除， 0（false）未删除',
  `gmt_create` datetime NOT NULL COMMENT '创建时间',
  `gmt_modified` datetime NOT NULL COMMENT '更新时间',
  PRIMARY KEY (`id`),
  KEY `idx_course_id` (`course_id`),
  KEY `idx_teacher_id` (`teacher_id`),
  KEY `idx_member_id` (`member_id`)
) ENGINE=InnoDB DEFAULT CHARSET=utf8mb3 COMMENT='评论';

-- ----------------------------
-- Records of edu_comment
-- ----------------------------
INSERT INTO `edu_comment` VALUES ('1194499162790211585', '18', '1189389726308478977', '1', '小三123', 'http://thirdwx.qlogo.cn/mmopen/vi_32/Q0j4TwGTfTKy4ibhHIMohQLQ4Qia8vefN9gyicHKLuUjvBEGibiaoGBEvxEbnanelCsRoUObRRqFSwpOSWzpUQw2icrA/132', '课程很好', '0', '2019-11-13 14:16:08', '2019-11-13 14:16:08');
INSERT INTO `edu_comment` VALUES ('1194898406466420738', '18', '1189389726308478977', '1', '小三123', 'http://thirdwx.qlogo.cn/mmopen/vi_32/PiajxSqBRaEIhuCiaE3QKU2xAZD57c1w8hRJy8IPqoOamW5G8AvVRwxNYZ1oaT9icXaAGAhnNGM3JrU8E63xddnlw/132', '11', '0', '2019-11-14 16:42:35', '2019-11-14 16:42:35');
INSERT INTO `edu_comment` VALUES ('1194898484388200450', '18', '1189389726308478977', '1', '小三123', 'http://thirdwx.qlogo.cn/mmopen/vi_32/Q0j4TwGTfTKy4ibhHIMohQLQ4Qia8vefN9gyicHKLuUjvBEGibiaoGBEvxEbnanelCsRoUObRRqFSwpOSWzpUQw2icrA/132', '111', '0', '2019-11-14 16:42:53', '2019-11-14 16:42:53');
INSERT INTO `edu_comment` VALUES ('1195251020861317122', '1192252213659774977', '1189389726308478977', '1', null, null, '2233', '0', '2019-11-15 16:03:45', '2019-11-15 16:03:45');
INSERT INTO `edu_comment` VALUES ('1195251382720700418', '1192252213659774977', '1189389726308478977', '1', null, null, '4455', '0', '2019-11-15 16:05:11', '2019-11-15 16:05:11');
INSERT INTO `edu_comment` VALUES ('1195252819177570306', '1192252213659774977', '1189389726308478977', '1', '小三1231', 'http://thirdwx.qlogo.cn/mmopen/vi_32/DYAIOgq83eoj0hHXhgJNOTSOFsS4uZs8x1ConecaVOB8eIl115xmJZcT4oCicvia7wMEufibKtTLqiaJeanU2Lpg3w/132', '55', '0', '2019-11-15 16:10:53', '2019-11-15 16:10:53');
INSERT INTO `edu_comment` VALUES ('1195252899448160258', '1192252213659774977', '1189389726308478977', '1', '小三1231', 'http://thirdwx.qlogo.cn/mmopen/vi_32/Q0j4TwGTfTKy4ibhHIMohQLQ4Qia8vefN9gyicHKLuUjvBEGibiaoGBEvxEbnanelCsRoUObRRqFSwpOSWzpUQw2icrA/132', '55', '0', '2019-11-15 16:11:13', '2019-11-15 16:11:13');
INSERT INTO `edu_comment` VALUES ('1195252920587452417', '1192252213659774977', '1189389726308478977', '1', '小三1231', 'http://thirdwx.qlogo.cn/mmopen/vi_32/DYAIOgq83eoj0hHXhgJNOTSOFsS4uZs8x1ConecaVOB8eIl115xmJZcT4oCicvia7wMEufibKtTLqiaJeanU2Lpg3w/132', '223344', '0', '2019-11-15 16:11:18', '2019-11-15 16:11:18');
INSERT INTO `edu_comment` VALUES ('1195262128095559681', '14', '1189389726308478977', '1', '小三1231', 'http://thirdwx.qlogo.cn/mmopen/vi_32/DYAIOgq83eoj0hHXhgJNOTSOFsS4uZs8x1ConecaVOB8eIl115xmJZcT4oCicvia7wMEufibKtTLqiaJeanU2Lpg3w/132', '11', '0', '2019-11-15 16:47:53', '2019-11-15 16:47:53');
INSERT INTO `edu_comment` VALUES ('1196264505170767874', '1192252213659774977', '1189389726308478977', '1', '小三1231', 'http://thirdwx.qlogo.cn/mmopen/vi_32/DYAIOgq83eoj0hHXhgJNOTSOFsS4uZs8x1ConecaVOB8eIl115xmJZcT4oCicvia7wMEufibKtTLqiaJeanU2Lpg3w/132', '666666', '0', '2019-11-18 11:10:58', '2019-11-18 11:10:58');
INSERT INTO `edu_comment` VALUES ('1273156260062810114', '18', '', 'o3_SC5zsEZeFFfHqc4YXS8H9Ek9s', '且听风吟', 'http://thirdwx.qlogo.cn/mmopen/vi_32/Q0j4TwGTfTKy4ibhHIMohQLQ4Qia8vefN9gyicHKLuUjvBEGibiaoGBEvxEbnanelCsRoUObRRqFSwpOSWzpUQw2icrA/132', '嘎嘎嘎嘎嘎过过', '0', '2020-06-17 15:31:21', '2020-06-17 15:31:21');
INSERT INTO `edu_comment` VALUES ('1273157185737314305', '18', '', '', null, null, '333333', '0', '2020-06-17 15:35:01', '2020-06-17 15:35:01');
INSERT INTO `edu_comment` VALUES ('1273158044781105154', '18', '', '', null, null, '666666', '0', '2020-06-17 15:38:26', '2020-06-17 15:38:26');
INSERT INTO `edu_comment` VALUES ('1273158346011824129', '18', '', '', null, null, 'yyyyyyyyyyyyy', '0', '2020-06-17 15:39:38', '2020-06-17 15:39:38');
INSERT INTO `edu_comment` VALUES ('1273159084196745217', '18', '', 'o3_SC5zsEZeFFfHqc4YXS8H9Ek9s', '且听风吟', 'http://thirdwx.qlogo.cn/mmopen/vi_32/Q0j4TwGTfTKy4ibhHIMohQLQ4Qia8vefN9gyicHKLuUjvBEGibiaoGBEvxEbnanelCsRoUObRRqFSwpOSWzpUQw2icrA/132', 'yyyyyyyyyyyyy111111111111111', '0', '2020-06-17 15:42:34', '2020-06-17 15:42:34');
INSERT INTO `edu_comment` VALUES ('1273159215432323074', '18', '', 'o3_SC5zsEZeFFfHqc4YXS8H9Ek9s', '且听风吟', 'http://thirdwx.qlogo.cn/mmopen/vi_32/Q0j4TwGTfTKy4ibhHIMohQLQ4Qia8vefN9gyicHKLuUjvBEGibiaoGBEvxEbnanelCsRoUObRRqFSwpOSWzpUQw2icrA/132', '88888888888888888', '0', '2020-06-17 15:43:05', '2020-06-17 15:43:05');
INSERT INTO `edu_comment` VALUES ('1273159256406478850', '18', '', 'o3_SC5zsEZeFFfHqc4YXS8H9Ek9s', '且听风吟', 'http://thirdwx.qlogo.cn/mmopen/vi_32/Q0j4TwGTfTKy4ibhHIMohQLQ4Qia8vefN9gyicHKLuUjvBEGibiaoGBEvxEbnanelCsRoUObRRqFSwpOSWzpUQw2icrA/132', '哈哈哈哈哈', '0', '2020-06-17 15:43:15', '2020-06-17 15:43:15');
INSERT INTO `edu_comment` VALUES ('1273165349069246465', '18', '', '', null, null, 'ggggggggg', '0', '2020-06-17 16:07:28', '2020-06-17 16:07:28');
INSERT INTO `edu_comment` VALUES ('1273165530959433729', '18', '', '1271627051477749761', '哈哈', 'https://guli-file-190513.oss-cn-beijing.aliyuncs.com/avatar/default.jpg', 'gggggggggtttttttttt', '0', '2020-06-17 16:08:11', '2020-06-17 16:08:11');
INSERT INTO `edu_comment` VALUES ('1273165918928359426', '18', '', '', null, null, 'tttttttttttttttt', '0', '2020-06-17 16:09:44', '2020-06-17 16:09:44');
INSERT INTO `edu_comment` VALUES ('1273165993649885185', '18', '', '1271627051477749761', '哈哈', 'https://guli-file-190513.oss-cn-beijing.aliyuncs.com/avatar/default.jpg', 'tttttttttttttttt', '0', '2020-06-17 16:10:01', '2020-06-17 16:10:01');
INSERT INTO `edu_comment` VALUES ('1273230447481626626', '18', '', '', null, null, '22222', '0', '2020-06-17 20:26:08', '2020-06-17 20:26:08');
INSERT INTO `edu_comment` VALUES ('1273230447938805762', '18', '', '', null, null, '22222', '0', '2020-06-17 20:26:08', '2020-06-17 20:26:08');
INSERT INTO `edu_comment` VALUES ('1273230963162914817', '18', '', '', null, null, 'wwwwwwwwwwww', '0', '2020-06-17 20:28:11', '2020-06-17 20:28:11');
INSERT INTO `edu_comment` VALUES ('1273231425958223873', '18', '', '', null, null, '222222222', '0', '2020-06-17 20:30:02', '2020-06-17 20:30:02');
INSERT INTO `edu_comment` VALUES ('1273231581340409858', '18', '', '', null, null, '22222222222', '0', '2020-06-17 20:30:39', '2020-06-17 20:30:39');
INSERT INTO `edu_comment` VALUES ('1273231975621763074', '18', '', '', null, null, 'wwwwwwww', '0', '2020-06-17 20:32:13', '2020-06-17 20:32:13');
INSERT INTO `edu_comment` VALUES ('1273232121512239105', '18', '', '', null, null, 'wwwwwwwwwww', '0', '2020-06-17 20:32:47', '2020-06-17 20:32:47');
INSERT INTO `edu_comment` VALUES ('1273232594084470785', '18', '', '', null, null, '2222222', '0', '2020-06-17 20:34:40', '2020-06-17 20:34:40');
INSERT INTO `edu_comment` VALUES ('1273233393770471425', '18', '', '', null, null, '333333333333', '0', '2020-06-17 20:37:51', '2020-06-17 20:37:51');
INSERT INTO `edu_comment` VALUES ('1273233675564785665', '18', '', '', null, null, 'eeeeeee', '0', '2020-06-17 20:38:58', '2020-06-17 20:38:58');
INSERT INTO `edu_comment` VALUES ('1273234024455380994', '18', '', '', null, null, 'sssssssssssssss', '0', '2020-06-17 20:41:16', '2020-06-17 20:41:16');
INSERT INTO `edu_comment` VALUES ('1273234861030285313', '18', '', '', null, null, 'ssssssssss', '0', '2020-06-17 20:43:41', '2020-06-17 20:43:41');
INSERT INTO `edu_comment` VALUES ('1273235858955870210', '18', '', '1271627051477749761', '哈哈', 'https://guli-file-190513.oss-cn-beijing.aliyuncs.com/avatar/default.jpg', '1111111111111', '0', '2020-06-17 20:47:39', '2020-06-17 20:47:39');
INSERT INTO `edu_comment` VALUES ('1273236105836797953', '18', '', '1271627051477749761', '哈哈', 'https://guli-file-190513.oss-cn-beijing.aliyuncs.com/avatar/default.jpg', '22222222222', '0', '2020-06-17 20:48:37', '2020-06-17 20:48:37');
INSERT INTO `edu_comment` VALUES ('1273237626573987842', '18', '', '1271627051477749761', '哈哈', 'https://guli-file-190513.oss-cn-beijing.aliyuncs.com/avatar/default.jpg', 'ddddddddddddddddddddggggggggggggggggggggggggggggggggggggggggggggggggggggggggggggggggggggggggggggggggggggggggggggg', '0', '2020-06-17 20:54:40', '2020-06-17 20:54:40');
INSERT INTO `edu_comment` VALUES ('1273245082821763074', '18', '', 'o3_SC5zsEZeFFfHqc4YXS8H9Ek9s', '且听风吟', 'http://thirdwx.qlogo.cn/mmopen/vi_32/Q0j4TwGTfTKy4ibhHIMohQLQ4Qia8vefN9gyicHKLuUjvBEGibiaoGBEvxEbnanelCsRoUObRRqFSwpOSWzpUQw2icrA/132', '111顶顶顶顶', '0', '2020-06-17 21:24:18', '2020-06-17 21:24:18');
INSERT INTO `edu_comment` VALUES ('1273252435348594690', '18', '', 'o3_SC5zsEZeFFfHqc4YXS8H9Ek9s', '且听风吟', 'http://thirdwx.qlogo.cn/mmopen/vi_32/Q0j4TwGTfTKy4ibhHIMohQLQ4Qia8vefN9gyicHKLuUjvBEGibiaoGBEvxEbnanelCsRoUObRRqFSwpOSWzpUQw2icrA/132', '1111111111111111111111', '0', '2020-06-17 21:53:31', '2020-06-17 21:53:31');
INSERT INTO `edu_comment` VALUES ('1273252744623988738', '18', '', 'o3_SC5zsEZeFFfHqc4YXS8H9Ek9s', '且听风吟', 'http://thirdwx.qlogo.cn/mmopen/vi_32/Q0j4TwGTfTKy4ibhHIMohQLQ4Qia8vefN9gyicHKLuUjvBEGibiaoGBEvxEbnanelCsRoUObRRqFSwpOSWzpUQw2icrA/132', 'sssssssssssssss\nffffffffffffff\nfffffffff', '0', '2020-06-17 21:54:44', '2020-06-17 21:54:44');
INSERT INTO `edu_comment` VALUES ('1273437444336394242', '18', '', '1271627051477749761', '哈哈', 'https://guli-file-190513.oss-cn-beijing.aliyuncs.com/avatar/default.jpg', 'fgfgfgfgfgfgfgfgfgfgfgfgfg', '0', '2020-06-18 10:08:40', '2020-06-18 10:08:40');
INSERT INTO `edu_comment` VALUES ('1273437558337576961', '18', '', '1269582462814130178', '位庆斌', null, '嘎嘎嘎嘎嘎过过过过', '0', '2020-06-18 10:09:07', '2020-06-18 10:09:07');
INSERT INTO `edu_comment` VALUES ('1279335444011184129', '1267735099590025218', '', 'o3_SC5zsEZeFFfHqc4YXS8H9Ek9s', '且听风吟', 'http://thirdwx.qlogo.cn/mmopen/vi_32/Q0j4TwGTfTKy4ibhHIMohQLQ4Qia8vefN9gyicHKLuUjvBEGibiaoGBEvxEbnanelCsRoUObRRqFSwpOSWzpUQw2icrA/132', '666666', '0', '2020-07-04 16:45:13', '2020-07-04 16:45:13');
INSERT INTO `edu_comment` VALUES ('1279335702770380802', '1267735099590025218', '', 'o3_SC5zsEZeFFfHqc4YXS8H9Ek9s', '且听风吟', 'http://thirdwx.qlogo.cn/mmopen/vi_32/Q0j4TwGTfTKy4ibhHIMohQLQ4Qia8vefN9gyicHKLuUjvBEGibiaoGBEvxEbnanelCsRoUObRRqFSwpOSWzpUQw2icrA/132', '44444', '0', '2020-07-04 16:46:15', '2020-07-04 16:46:15');
INSERT INTO `edu_comment` VALUES ('1279338576321605634', '1267735099590025218', '', 'o3_SC5zsEZeFFfHqc4YXS8H9Ek9s', '且听风吟', 'http://thirdwx.qlogo.cn/mmopen/vi_32/Q0j4TwGTfTKy4ibhHIMohQLQ4Qia8vefN9gyicHKLuUjvBEGibiaoGBEvxEbnanelCsRoUObRRqFSwpOSWzpUQw2icrA/132', '11111111', '0', '2020-07-04 16:57:40', '2020-07-04 16:57:40');
INSERT INTO `edu_comment` VALUES ('1279338936083836929', '1267735099590025218', '', 'o3_SC5zsEZeFFfHqc4YXS8H9Ek9s', '且听风吟', 'http://thirdwx.qlogo.cn/mmopen/vi_32/Q0j4TwGTfTKy4ibhHIMohQLQ4Qia8vefN9gyicHKLuUjvBEGibiaoGBEvxEbnanelCsRoUObRRqFSwpOSWzpUQw2icrA/132', '444444', '0', '2020-07-04 16:59:05', '2020-07-04 16:59:05');
INSERT INTO `edu_comment` VALUES ('1279339432181940226', '1267735099590025218', '', 'o3_SC5zsEZeFFfHqc4YXS8H9Ek9s', '且听风吟', 'http://thirdwx.qlogo.cn/mmopen/vi_32/Q0j4TwGTfTKy4ibhHIMohQLQ4Qia8vefN9gyicHKLuUjvBEGibiaoGBEvxEbnanelCsRoUObRRqFSwpOSWzpUQw2icrA/132', 'ffffff', '0', '2020-07-04 17:01:04', '2020-07-04 17:01:04');
INSERT INTO `edu_comment` VALUES ('1279392122970804225', '1266575349078810625', '', 'o3_SC5zsEZeFFfHqc4YXS8H9Ek9s', '且听风吟', 'http://thirdwx.qlogo.cn/mmopen/vi_32/Q0j4TwGTfTKy4ibhHIMohQLQ4Qia8vefN9gyicHKLuUjvBEGibiaoGBEvxEbnanelCsRoUObRRqFSwpOSWzpUQw2icrA/132', '热热热', '0', '2020-07-04 20:30:26', '2020-07-04 20:30:26');
INSERT INTO `edu_comment` VALUES ('1406508428962902017', '1267718558907617281', '', '1287287067261943810', 'wei', null, '1111', '0', '2021-06-20 07:05:16', '2021-06-20 07:05:16');

-- ----------------------------
-- Table structure for `edu_course`
-- ----------------------------
DROP TABLE IF EXISTS `edu_course`;
CREATE TABLE `edu_course` (
  `id` char(19) NOT NULL COMMENT '课程ID',
  `teacher_id` char(19) DEFAULT NULL COMMENT '课程讲师ID',
  `subject_id` char(19) DEFAULT NULL COMMENT '课程专业ID',
  `subject_parent_id` char(19) DEFAULT NULL COMMENT '课程专业父级ID',
  `title` varchar(50) NOT NULL COMMENT '课程标题',
  `price` decimal(10,2) unsigned NOT NULL DEFAULT '0.00' COMMENT '课程销售价格，设置为0则可免费观看',
  `lesson_num` int unsigned NOT NULL DEFAULT '0' COMMENT '总课时',
  `cover` varchar(255) DEFAULT NULL COMMENT '课程封面图片路径',
  `buy_count` bigint unsigned DEFAULT '0' COMMENT '销售数量',
  `view_count` bigint unsigned DEFAULT '0' COMMENT '浏览数量',
  `version` bigint unsigned DEFAULT '1' COMMENT '乐观锁',
  `status` varchar(10) DEFAULT '2' COMMENT '课程状态 Draft未发布  Normal已发布',
  `is_deleted` tinyint DEFAULT NULL COMMENT '逻辑删除 1（true）已删除， 0（false）未删除',
  `gmt_create` datetime NOT NULL COMMENT '创建时间',
  `gmt_modified` datetime NOT NULL COMMENT '更新时间',
  `comment_count` bigint DEFAULT NULL,
  PRIMARY KEY (`id`),
  KEY `idx_title` (`title`),
  KEY `idx_subject_id` (`subject_id`),
  KEY `idx_teacher_id` (`teacher_id`)
) ENGINE=InnoDB DEFAULT CHARSET=utf8mb3 ROW_FORMAT=COMPACT COMMENT='课程';

-- ----------------------------
-- Records of edu_course
-- ----------------------------
INSERT INTO `edu_course` VALUES ('1266379942260350978', '1', '1178214681139539969', '1178214681118568449', 'java从入门到放弃', '0.01', '100', 'https://online-teach-file.oss-cn-beijing.aliyuncs.com/cms/2019/11/14/297acd3b-b592-4cfb-a446-a28310369675.jpg', '5', '21', '1', '1', null, '2020-05-29 22:44:41', '2021-06-19 03:16:35', '13');
INSERT INTO `edu_course` VALUES ('1266575349078810625', '1', '1178214681584136193', '1178214681554776066', 'Python', '0.01', '10', 'https://online-teach-file.oss-cn-beijing.aliyuncs.com/cms/2019/11/14/297acd3b-b592-4cfb-a446-a28310369675.jpg', '13', '104', '1', '2', null, '2020-05-30 11:41:09', '2021-06-24 00:19:34', '5');
INSERT INTO `edu_course` VALUES ('1266668643049689089', '1', '1178214681210843137', '1178214681181483010', 'JS', '0.01', '10', 'https://online-teach-file.oss-cn-beijing.aliyuncs.com/cms/2019/11/14/297acd3b-b592-4cfb-a446-a28310369675.jpg', '2', '64', '1', '2', null, '2020-05-30 17:51:52', '2021-06-20 08:48:36', '4');
INSERT INTO `edu_course` VALUES ('1267272609399734274', '1', '1178214681139539969', '1178214681118568449', 'C', '0.00', '0', 'https://online-teach-file.oss-cn-beijing.aliyuncs.com/cms/2019/11/14/297acd3b-b592-4cfb-a446-a28310369675.jpg', '0', '9', '1', '1', null, '2020-06-01 09:51:49', '2020-06-01 09:52:15', '5');
INSERT INTO `edu_course` VALUES ('1267718558907617281', '1', '1178214681139539969', '1178214681118568449', 'tt', '0.00', '0', 'https://online-teach-file.oss-cn-beijing.aliyuncs.com/cms/2019/11/14/297acd3b-b592-4cfb-a446-a28310369675.jpg', '0', '116', '1', '1', null, '2020-06-02 15:23:52', '2021-06-20 07:05:16', '6');
INSERT INTO `edu_course` VALUES ('1267732724565278722', '1', '1178214681139539969', '1178214681118568449', 'ddd', '0.00', '0', 'https://online-teach-file.oss-cn-beijing.aliyuncs.com/cms/2019/11/14/297acd3b-b592-4cfb-a446-a28310369675.jpg', '0', '8', '1', '2', null, '2020-06-02 16:20:09', '2020-06-02 16:28:43', '7');
INSERT INTO `edu_course` VALUES ('1267735099590025218', '1189426464967995393', '1178214681139539969', '1178214681118568449', '111', '0.01', '1110', 'https://online-teach-file.oss-cn-beijing.aliyuncs.com/cms/2019/11/14/297acd3b-b592-4cfb-a446-a28310369675.jpg', '0', '16', '1', '1', null, '2020-06-02 16:29:35', '2021-06-20 08:48:47', '13');
INSERT INTO `edu_course` VALUES ('18', '1', '1178214681139539969', '1178214681118568449', 'java', '0.01', '10', 'https://online-teach-file.oss-cn-beijing.aliyuncs.com/cms/2019/11/14/297acd3b-b592-4cfb-a446-a28310369675.jpg', '11', '86', '1', '2', null, '2020-05-30 18:12:53', '2021-06-24 00:00:24', '9');

-- ----------------------------
-- Table structure for `edu_course_collect`
-- ----------------------------
DROP TABLE IF EXISTS `edu_course_collect`;
CREATE TABLE `edu_course_collect` (
  `id` char(19) NOT NULL COMMENT '收藏ID',
  `course_id` char(19) NOT NULL COMMENT '课程讲师ID',
  `member_id` char(19) NOT NULL DEFAULT '' COMMENT '课程专业ID',
  `is_deleted` tinyint NOT NULL DEFAULT '0' COMMENT '逻辑删除 1（true）已删除， 0（false）未删除',
  `gmt_create` datetime NOT NULL COMMENT '创建时间',
  `gmt_modified` datetime NOT NULL COMMENT '更新时间',
  PRIMARY KEY (`id`)
) ENGINE=InnoDB DEFAULT CHARSET=utf8mb3 ROW_FORMAT=COMPACT COMMENT='课程收藏';

-- ----------------------------
-- Records of edu_course_collect
-- ----------------------------
INSERT INTO `edu_course_collect` VALUES ('1196269345666019330', '1192252213659774977', '1', '1', '2019-11-18 11:30:12', '2019-11-18 11:30:12');

-- ----------------------------
-- Table structure for `edu_course_description`
-- ----------------------------
DROP TABLE IF EXISTS `edu_course_description`;
CREATE TABLE `edu_course_description` (
  `id` char(19) NOT NULL COMMENT '课程ID',
  `description` text COMMENT '课程简介',
  `gmt_create` datetime NOT NULL COMMENT '创建时间',
  `gmt_modified` datetime NOT NULL COMMENT '更新时间',
  PRIMARY KEY (`id`)
) ENGINE=InnoDB DEFAULT CHARSET=utf8mb3 COMMENT='课程简介';

-- ----------------------------
-- Records of edu_course_description
-- ----------------------------
INSERT INTO `edu_course_description` VALUES ('1266379942260350978', '<p>111111111111<img class=\"wscnph\" src=\"data:image/jpeg;base64,/9j/2wBDAA0JCgsKEQ0XFRcdDhsPEyAVJyUlJyccHi8gLikxMC4pLSwzOko+MzZGNywtQFdBRkxOUlNSMj5aYVpQYEpRUk//2wBDAQ4dHScREyYrKyZPNS01T09PT09PT09PT09PT09PT09PT09PT09PT09PT09PT09PT09PT09PT09PT09PT09PT0//wAARCAPAAhwDASIAAhEBAxEB/8QAGwAAAwADAQEAAAAAAAAAAAAAAAECAwQFBgf/xABIEAACAQIDBAcFBAYJBAIDAQAAAQIDEQQSIQUxQVEGE2FxgZGhIlKxwdEUIzJCFmJyguHwFSQzNENTc5LxB2OiskRUJTXCg//EABoBAQEBAQEBAQAAAAAAAAAAAAABAgMEBQb/xAAoEQEBAAIBAwQCAgMBAQAAAAAAAQIRAxIhMRMyQVEiYQRCIzNxFIH/2gAMAwEAAhEDEQA/APctAkLQpWOjZlCQIgpIBIbIEkMASQBYLDsgsArDSCyHogAQwAEMQwAYhkQAABAAAAAAAOwMaEwPH9JX/Wn/AKUfmce7Ov0mf9ba/wC1D5nHue/D2vqYeyLTPXbAoUqmEpNxjK8patJv8TPHX3ntejX9yw/fL/2ZnP2scvtbv2LCS30oS/dX0J/o7A3/ALGm/wB1fQ2kM8e3z91pf0XgH/gU3+7ExvY2zW/7CHlY6FgG6brDh8PRw0VGnFQSvot1zMAyJvZM5+3v7ni/2PmdE5vSH+5Yrtil6os90XH3R4ZPeNMlPeCZ9J9qO70U/vU+yi/ij1x5Honria3ZRt6o9eeLP3Pm8v8AsYMdpQr9lOT9GfPYWyruPfbU0w2L7KMvgz5+nZHTj77deH5NM6/Rr+90+yMvgcg7HRj+9x/05P4HXL216s/ZXskUSijwPjkzkdJn/VJ9tSK9TrnE6Vu2F76sV8TU90bx98eT3oERfQInvfYdjo1/e12U5P4fU9ijx/RbXFS7KMvij2KPJn7nzeX3mAAcXmeP6VP+sxXKivizjR7D023NkYvG188MrWRR1dnpfs7Tm/o/tNflj/uR68bJj5fTwymOHlzrsyKTRu/0HtPS1PN+9H6i/oXaav8AdN+MfqdNz7derG/LUzyFJtm09l7RW+jL/wAX8zTqqdGTjOLhJcGXyksyvlLYN7+4V9QluYdPD32zY5MPhlypRXobJjoRywgvdil6GQ8F8vjXvVASBGXOU6ZaqQMmeoCqTNtJU48xqceZSnMFOREFwuFxoikOwArgO6C6HdhdgTddgXRV2K7AAAAABgAAIZEMAAAAACAAGAAPQNAPE9KX/W5f6UPmce52OlT/AK5P/Sh8zitn0cPZH0ML+MUmtT3PRn+44f8Ae/8AZng+fce76M/3HDfvf+zMcntY5LvF1kMEB4niAABAAAABy+kv9xxXdH/2R1DkdJ9MBie1wX/kjWPui4+6PDxe8cXvIXEEz6b60vZ6Poj/AG+I7KXzPXHkehy++xX+nHnzZ66x4M/e+dyd82ntfTCYx/8AYl8D5/wPe7etHBY1rT7pngL6Hbi8V14uzJFcfDedrotri32UpfGJwrrRcNH2nc6IL+s1X/2X/wCyOuXsr0Z38K9kMlLvKSPnPmEcDpc7Yaj21l8Gd/Q850xf3OHXOq36M3j7o6Ye+PLt6CiyG3YI35n0n09vQdEtcRXfKkl6nr0eT6HJupinyhFebf0PWI8GfvfO5PeYABxcSAYAIVihAK2h4fpBO+NxHY4r0R7jmeA23PNjcZxtUt5JI9HH3yeni97Wci43nlXOSXqYE0Z8Ms1WglxqxXqj13tHvt1K+jxVhkjPmvjmAAQaKstza79xV5cbeBOVc2NRtxZpo00MSuUQAABADEADTKRI0EMAAAAAKoAACAAAgAAAikAgAEMQwAAAI8P0s/vs1/2ofM4rOx0t/vs/9KHzOLc+ph7I9eN/GKue86Mf3DC90v8A2Z4H1Pf9GP7hhP2X/wCzOXL7Eyu46yAEB4HmAAADAQwA4vSp2wNf9acF6o7Rwul+mBnw+9h8TWPuiztXiUxxZMWCPrPbMnqehi9vGdkYL1kerPK9CN+Ov/2//wCj1R83P315cu+Tm9I3/Ucb207ebR4A+ibXpKrh6seE7L1R5Ta2DpYaCypb7HXjuo1hdOMmei6H36/EdlJfE83m3npehavVxb5U4L1f0O+fsdcrvF69DEM+a8ZHmOmkrQwnbOXwPTnk+m71wK/1H8Dph746Y9so803oCkiHJMEz6mnt29V0L343sVP/APo9SeZ6Ex9jFv8AXivR/U9OfNz99ePLvkYABxcwAAAAABEs+b7RlnxWLfOtL4tH0nl3ny+vLNVrvnVk/Vnp4u+Tvh5NOzNzZkc+JwiX+dF+TuaF0dLYMc2Mwa5VG/KLZ7Mu2Neq38a+ggAHynzwAABqZkgzXIUYlJJcCtmAAVDASKMguILAENMdyQAtMCUUmAwEMAAACAAAAAAAYCGgAYAAAAAeD6XP+vS/0ofBnEzHX6Yv+vz/ANOHwZxLn1uP2RvemVM9FsvpP9goUqTo9Z1aavmtfW+63aeYvqVmNZYzOdze3sV0yhxw7X7yfyK/TKhxoTXijxma5N7HL0sWez236Y4XjRn5p/MuHTDA8aVRf7X8zw+YWbkT0odn1TAYunjqNOrBNKom0nv3ta+RsnK6Mr/8fg/9N/8AszqI+de2SA4PTKVsF31o/M7x5zpxLLg6Wts2IivRmsffFeMg0WmjXjIpSPsadJXf6O7Yw+y3iesjKfXONstuF992uZ3f0s2b7tRfur6ng8w1I8945lds3u9dtrpDg8ZhalOlnUpNWurbpJvW/I87WxNSrFKTvY03IHK5vHCYE7LvvPUdB1rjexU16yPJX3nrugi0x733lTXo/qZ5O3G1buPXDJGfLcgeP6cStUwS5Rm/VHsDxPTmf9Zwq5UW/N/wO3H/ALIs7V569wTRCbC9j6zrt7XoTH7jEvnXt5JfU9Kec6ExthKj96vJ+iR6M+Rn/srlbumIYjkgA8JtTpJtOjicVCFTJGnUcEssXufajEulO1/8yL/dR3nHcoun0ADwX6V7U503+7/Eyw6XbS4qk/3X9S+nkae4nZJ9iufKlJtvtbfqd+XS3HyTWWlqrbnf4nnXaLa3ZdD0ceNwt23OzIjr9GI5sfh/1VN+jXzOJmO70PTljV+rRm/VL5nbPthXW3s94AIaPkvMQDYgNFtrc7gpImN+Fi7SK6BNMpojXkCCGi0QNXIitAEmhgIAYIIaKEAUwAAhoZIwhgAAAAAAMQAMAAChCGBx9o9HcBtKrKpUzqTSjpKyst3A1H0O2Z71VfvL6HowOkysnkea/QvZ/wDmVV4x+gv0LwP+bWX+x/I9MBrry+x5eXQvDa2r1V3qP0I/Qqj/APYn/tierAvqZfaPJPoRF7sTJfuJ/Mx/oPLhir//AOf8T2IWHqZfY1dm4P7Bh6FLNn6qNr2tfV8DcsIZx81QcfpJsqttahCFOUabhVU/avayTVtO87AmJdUeCfQ3ai3TpPxl9BfoftW/4qT/AHpfQ98B6fVyiPAPoltf/tP95/QX6Kba92m/3/4H0AC+rkPnj6L7aX+HF/vol9Gdtq9qKl+/D6n0UB6uX6Hzd9HNtrfQb7pQfzPT9EMBi8DTxSrQdFzqJpOz0S7Gz0IzGXJc8dKBiGecI8R00w+Jq4ui4Up1VGgo3jFyV7vke3A3jejLaPk8sPioXvSqR/cl9CHTrRTvCa74tfI+tgev1v0OD0Ni44GN1bNUm9dHvO8hDR47erK0MQxGVfJ9pVM+Kxjvvr1Hv7WQmfT6mzNnzbcqFKTb1bgm/gQ9i7Jl/wDHpf7F9D3zlmMnYfM7jPpH9AbH/wDr0/In9HtjP/48Ph8zfrT6o+eQkotXWaz9B1qkalsscqUVHe3d89fge/fRnYr30EvGS+ZP6L7F/wAn/wAp/Uerj+x88uel6ERviq792hbza+h3P0U2K91Jx7pz+ptbM2Lgtluo6SadRJO7ctF3mMuSZ4WK6SGJDPAgNLGVerlFfq39Wbp5bpNtCOFxFOPOkn/5SKOm6duGYpX4qxSqyW+I4ypy4PxuV0EbriUmx25CWhBQ0TcYQxiQwhoAAiBDEAVQCGAxDQBBcLgABcLgICgEMIAAAGMQwAAABgAAAxDATBAxoAAAAQAAQAAAAABAwACqAAAAAAAAACAAAKAAEEMQxBQNCGgAAABWCwwCAAAKYAACPC9M8FtLFYyLpUp1IxoxjdJ2vdv5nuxFnYc+NdNb0WpxfP0MSS4LL2jS119rxfwK6smj3BuJUEt2hXtcTKDfuGrreOz4DV+IQAILhFAILBDGJIYUAGoAMZJSAAAAgAAAYAAAAABQCAIAAAGNCABgAAAAAAAAAAwAAQAADAAAAAAAAAAAAAAAAgAACgAABgIAAAABgAAIAAAGIYDAQAMBABz/ALJFfnn5r6AsPTX55+a+hlTaHmT3xK6MPVR5zfil8ENUYLjNeK+hm9l9grERCpwXGfmvoPq4vjLzX0KsJKwBCCXFy8V9B2V+Nn3fQA3gDS7V4iyLnLzX0KAISS5v0+g8q5y9PoAwFp2jEMAGhDQDAACAAABgAAAAADAQAMAAIYAAAMQAMAAAAAAABAAAAMBgIAGAgAYAAAAAAAAAAAAAAAAAAAAAAAAAAAAAAxDAAAAAAADU6u252D2lv1EpS4plKXYw0E0Abx2YQgGAAADCkAwAQwAAQ7DABDQAEAAAAAAADEADAAAAQAAxiGAAABAAAAAAAAAADAAAAAAGAgAAGAAAAAAAAAAAAAAAAAAAAAAAAAAAAAAAAAAAAAAMBABr3S43HmJtYYU9QCwBQABYAAAABiGAAAAAxDQAAAEFgsMAFYLDEAAIYDAQwAAAIYCGAwAAAAAAAAAAAAGAAAAAAADAAAQAMAAAAAAAAAAAAAAAAAAAAAAAAAAAAAAAAAAAAAAAMVgsABorAMVwDUdiLt24a25lgFhWKAImw7FCCiwigCJsOw7BYKVgHYdgiRFWCwCFYuwZQIsKxeUMoE2GPKFgEBSQ7BE2Cw7MNQAAABAMAAAAAAAAEMLDAVhiGgAAGAgHYLAIBgAgGIAEMdgEAAAAAAADABAMLAIRVgsAgGACAYAIB2CwCAdgsBqOtTJ6+L3a+oKlTjuj56mRacEg0n2nwLSkNO4PQAytjSdt3wEs3vWBKOut2A7jJuAFAJAAwEMBgIAKGQFwLAm4XAoCLjuBQE3HcIYCuFwGhk5guEVcRIAO4XJACrjMbkkm37Kir8lY5WN6T7FwVlPEQk3raLc342vYDsXA4C6YbBaT65u/6s/odPBbSwW0EnRqxq6Xsnr4x3ryA3bIQszBNAUwJbC4FXGmQOIFjJGAwAAALBdDugFYLDuh3QHkOlvSKpgZfZ6DUZ5bylvavuS5PjfgeOW1MepZuvq5k9+d39WbuNlSxjnUlJOc6rm9Jaq+7y08DBKhhYOLzxkuO/sOsnZr4ex6I7fq7T62lWtKpSipKW5uN7O/arrzPTnzTZlajs3FYatGSlGDallvezVnv38Ge9pY7D4+nWjQqRqScG7LRq+mqe4xUZ1jMPmy597tezy35Zt1+y5nSOfDCVFUd/7N3WVN2tayWW9kuOivdG7QUo06alrKMIp99tTKMlgsFwuAWCwXC4BYLBcdwFYLDuFwFYLDuFwFYLDABWCwxgaOvEpCkqb/ACp+CZUYx91eSDRitIfscl5IXscl5ICbIdkFoe6vJDWXkgFYdh2XILIBWGkFh2ALAOwAIAAIAAAAAAAKEMBAMQQAIAAAABiAAA1sbjKGApTq1ZZIwXjfklxZsbz5v0t2zSxteSvmp4duEUuLT1fnp4F8jBtzpDjdtSahmoUUsuS9r83K1r9xyIYPq7tpctNEYntGzeSNk3px05m1HalZ/ih1l3fSy9TfhO9YFScdPEUYzpSUotwlGSd03F370bEJxr57Qle2r7dNPiWqFZuzTWZqOq0vy9SbhqvQ9GultejKlRxUutpydlUf4ovgm/zK/HernvL8eZ8gqYaUI1oSX5Xpu4Htegm05YrD1aMnmeGytc8r4dqT+JFesASAyGVEkqIFAAAFwuAAAXFYLAO4xGLE1epp1ZK3sq6vor8L+IHyCd4ymm/wyafg2isLSrYuWWlB15copyfe7bl3nqsL0cnUxVStGMakXUVS0lZJtqTWW9nZStd31R3sbKnh6s5Kg5OMcl4KClZ7mmnfdfkddtPEro1t2S0w0lf9aCfjqdXong8VszaMViISw/W0ZxV7NNpxdlZvhdnrcPXVLD0JNSWb3s2bi9b3d9N2pobIqUMXXhWgvadOpGUpfjburJX1sva3JLQzvaO8IBmEACABgIAGAgAq4CAAAAAYCAIYGjtLaMNnqneLn1je5pbrfU0P0kpf5UvNGd6dscMs52jqKKQNojM2Uk2aYNMYKNhgAwAAAAAAAAhgAgoAAAAAAGIoQCGIAGIACAQwAAAAgEAmAlvPhNRzq1JaWvN6eO4+6reu8+VLZsKOKx6lr1WIkl4ybXoyy6jcm618Ls6CtfXS53MBs+no8t+V91ycLDDxd6klTXKzbsdjB7U2cnaE4y8Gn6nC217JJJ4Z8Ds2jDM2lK/x4s3atKnJwTivu2pbuPMxR2nhoO91Z+RUdtbLc396m0tyT+O457TWvhyNvbI+0ZZQ9jIrvu1bXjoaPQqjPA7SqwbdqmGlblpKLPWTdGrHNF51LQ52zMIobSbjup4eT8ZNJL0OuNcspuPTIYojOrzmNEopAWAgCC4XEADAAAUpKKbbUVFavcrczwW19qYjpDisNQoScKbqpLhms7ub7FZ2Ru9Ntsyi3hacsuilUa0dnqo+K1fgee2FtfC7GWIq5HWrWyQX+GoNJtt33t+iRuTsPf0KUoVKjnVdVVakoR9lK1mm1ddi00W5nRqUqVRPNFS4a66HK2Vg54CdeTqqdGrPNBNWUZNu6vbVW3O/ErbOIryaw+HaVabT1TaUXdN8t3PTxMjJRxtPGYfPFJKFRJK6lopZU9N11fQ4PTKE8BHCTw0epdCbqOa3xTsktXqm3r3GLEVukMIY1qVNLBxadlKDbivxJxVm+x2XZxO5gsm3qFWc1enisPGl42bk/Bu3gXwDo3t6ntqk72hVpJKUfhJdj9DsnyShUxewcY+NTCVHF8pR5dzR9TwOKo4+jSq03eNWKkvmn2p6CjYQAkBkAAAAAAAwEMAAAAAAAjzfSl/eYZe7CT82voaGB2bPGQclLKlJxNrpNK+JgvdpL1b+gtl7UoYOioNNvM3pa2r7zlfc+zhvH+PNPSLKt7GnDvIVuCHbwOr5KnJCJ0KSABiGACGADEAgGAhgAAAAAAAIYhgIaEMBAAAAAAAACIgYgYgpHhNpvD1sbi50pdYq0It6NRzx0dnx0SPcyWZST/MmvM+c4aLw9SdF74Zo9t0/omZvh345u7KdWtGUXCMVl4vXXsQRW0MTkclCrKWnsRa7r6Wfab2DpUak0pPKdWvTp4KneEvx2V3ut8kcdvX4YZ7Hz4CEqd51E8zV796Rxtn19o05xy1qdCMnZpxcm+7T5nsNnY7BKjSUakfaemtrt8hPBYaFR1YrI5avvIxvzK19mYbFwjJ1Iwp5t+W6i+2z1XcZsDXw2HxFWMpWniamWK/VitL8tbmw8ZCzV9yNbAYCdOvOdSMb9ZKcXvaTVrX8izy53vK7SGiSkeh5DHElFIqKAACAAsAQzT2rj4bMw9WtLXq46LdeT0S8WbtjynSnAYna9GM6adXJXjCEVutdxcnw1fHgl2lHkMFhcTtnFRg5XniZuUpclvb8Fu8DY6U4WlhcdXhBWjGFNJdmVLTyPbdGtgw2NTbm1OrW3yW5L3Vfgt9+JyunmypVIwxUPa6qPVzX6t21Lwbs+x9hvfdpv9E9oUsfhI0pvPKEcjTabaSSdlvtufiZ8NFbKeMdSUqsn94p6ZnTWiV3yej77nznCYurg5KdKWWSWj+f882epq9KsLjoZKuak8j9pKzu1bK1Zqzu9ezciaNN6W2v6Qp0tUnCrKFSmneTg7xSa4tu27ceOhjsfhOqhGpKi8FmpezKyvnbd+eumumhuQ2pVgsOozm69G9L8KfsbmpRTd8ujTW/XkczB4KtjKkKNL7yU3lTV7W958lbXU0OttmOJ2lhcJjakEpSUoSlHSLim0nJPc7rS173O7/08rznRxtNvSjOMkuV0728UekpbNw0MNDDOKnTjTVO3Bq2r776mnsPZeG2Q69OmsrnaV7t5oq6Ts+KvrbjbmZ32R1wADABiGACGACHYQwAAABoQJhcDyHSB58VVXuxivS/zLwuxK+Jp05qooqavbLf5npKuBwteWaVOM2+Lir+ZmhCNOKSSilokYuO693rdHHJPhrrN/Og7cwsUjbxiyGK4AMAEAwEMAAAABgAAAAAAAAADEAAAAAAAAAABIABAhDJAR57auwoVKlSvTahJ3lJWum0t6fBs7WKr9RBvffRd5rUsdCpBN6Wumu4l8N43prx97buJeNxkZ0IU07u+r3K1tF6kVo9TOcfdk7d3D0saM8PQqSblHM73W9P0PO+l7sY3tk4bZ8mlWnGMYNNRuotvf4I9f1mFxUbQklpwafwPOYbYlKylVpVKkbe+7eSdzco4PCYT2sPTdJtW3uz82RjL8qyUMPN4iEd95X5rTXXs0PSJt77O3kebw+0YUasZSTeW6dt991z0FGvSxEVKDUk/wCdTpi4ckva67MyKRCGmd3kWNEjQFDQhoMmDAGEYq0ZShOMXZzVr8k9G/BGSMY00kllUUopcLLgMYGGrJqVC1tZuL56p2t4pGRq91v0tzRixUZypyy6yjaS74u6Xja3iXRanCL351m89Sq8ftzoV1knUwbjTvdum9I3/VfDueh5qew9sxeWWFq3fs6K681ofVxVM1o2dvaj26Xs0a2rwm09l7TwuBw1dwjRrYW2dws5OnFLK5c2mldbtD0PRzD4HDYSnXh7Tr045pWs9LJJbrJW+Z25RjJSTSkmrWeqtxTRr4fCqnRlS0UbzSS3ZXJtK3YnbwGzbNUzKdJrddxa4aq6fmreJGJpykoSj+KlK64X5xfY162JpTdWlTbV3GSTW+0k7Pd4myYQK/cAAADAAAAADSltbZsHKMsRSi4NppzimmuD1OQ+leG/pCOHTp9Vl1q5llvlbsnu32R57Zeztn7R2ttaFdKUIVKskruCbzpcGu0MFsnZOI2zi6FlLD0qWZLM8t7R0zXu9ZPib0PeUsfgq7UYVqdRvclKLfkmYdsbWw2x6dOdVSkqk8iypN3s3xa5Hj8Ds3CUtvxpUFlp4ZKpvctVG+jd+Mkdbp9FVcPgIb+txkY+DTT+JnXcbFPphsqovZVWfdBv4MqXS7ZcE3KNaCXODS+J5zpHjpYR11RxWIjKFTIopdXRik9ya5LcbGy8TRxMMbbEYrEdRhakpQqpZPw2tvevFGtK9fsraWG2rTdSlfLGbg7qzukn80bZwuhFFU9l4V21qZpvza+CR3jCNW4XDMgzINGkNMnMGYChoSYIBgAAMAAAANAAAAAAAAAAAAAAAAQxEQAABUgNiATMVarCjFyk7JK46lRQWp5bbG0J4yTitIU35vmzNsjUxuSdo7VniJvLolouVvmznxxFSmnrq2auIxmHw9884w7L6+S1NLA4z+ka1SManUQpxUtylKSvZ79Fw4cTnd5f8emaw/66OJqZ0+dzXo1502nZO3iZq0oRtFa9u9+JicTHh6pOzbw22K1CXs37ruxs1dsYvEPcqatbmzm0IavuNunSvbjd2Xe9DLv0xnlTlBUtH7VNO/C77TbwqlQd4txb5XXnzPQ4CEI5IaNKCjz4afM43TSFHZ9PDSo/cVJ1GtNzik73W7e48DUlrz3lk7WdnRwO1Y1Go1bQe5P8r7+TOmj5rT25Uikp01Ua4p5X5WaOvs/pbQoPLUjNw5qza+bR3m/l5M5jZuV7RMqHE1cLicPjIRnSmq0ZK91r5rh4m3TNvMtFCC4ZDEAAMAAoFNNyt+VowYR2jUitOqqSh4Xuv/FozaGj/SDjWnHqamTLfMoSftJ2aatrpazQG+RVj1sJRva639vA18Fi54nPmpyo2k7KSaeXcm29LvfZcB7TxTwNGdRLO1KKS1tdyS4JvjwQG2+wR5r9J6tqUVQ62pKEajjFt2p31ekeC4Xep29mY6O0aMakVlUrpb3pz1S9UBndPV2Ss2pctU076c/kVTjkVn7Wrfm2/mVYCAAAABiAABAAHlf0G2fOdSVSrVqZ5ylvilq7vg2cTZHRrBY7H7UoSc1TwTUY2aTu3xduxn0VGtg9n4bB1MTOnHLLEzzyd2238lqy7HM2R0Xwex6/W051JvI4JSs1Z2vuS5HL6c4qFHEbGjJ2VKt18uPsppXt5nsTWxOz8Fi5RlVpQrSgtHKKbt4l+VeA2ntCjtSLjX2mnDPmUY0XZNbtdG7GOG0aVCltBRx32z7XTksvVuMnNpRTba0SXbwPoqwWEgrKlCP7qS+BjrbL2dXVp0Kc++K+hdjl7LxT2dsXDVVDrepw6nlvv1119TymI2tt7a85VaTnCKeVKnFyivHnqfR6dOnShGEUoxjFRS4WWlrFQiqaSilBLgrJGUauqDeLq6XuoMsF+VEaVluVlJUY+6ilGL4IBpDSElHkP2eQAMWgKwDDUNAAADQAAAAAAAAAAAAAAAAAACWM0sVj6eH0S6yV9ye7tb4GbdRqS5Xs27ruNevXSVoyXx9Tkyx2IrNrt0XBeJsRbk430v8AzocLl9O/R0+XnNt9I6tCeJoUoZZQ9lylrvV7qPc99zwOKxWIqyfWSc3xT3eC3LwPedN8CqUqNWOqno+Oui+j8zxuIoqonbel6HfCTTz5WytBSXKxkwuIlhakJx/K/NcUYWmm+Ars9Ouzlvu9Q6qxFPNHTOsy534epnw9VVIp7m1c0tlfeYaH6jkvW6+KOdiMZi8DVqRjLSMmrNJ6PVdu48Wt5afayy6eHGvSUpxvbdY7exsO68nUteNN2XK/F+B8+htbF1JL2YXXY93mdzZu3dqy6mipqnCUlG0YxW963ere98RcLI885eu6e8p1o0OpnJ5VCGeW96Wu2eO6R7Xe1sRnStCnHJFcbb7vtb+R3tsbSy4TEr2WnTcFpz0+Z4WbbZMJuufLOmbq51Fw4mCberLktxik7XPY8LvdEsPPG46hGDdO33kmtHlVrrTm7LxPqCTW/Q+ff9NXCOKxst2WjGPnLX4I+gucZs42/k6KAQIoYDsIAYXsK4nJIC0cups+rVlJyWHk5O7fVyb88xvZ2Cb7zO10jB4eWGzJ9XFNfli4u/i2Tj8MsfTVPNkXWwm2rp2TTtdbnpvNi90STZp5yfRCk5uUZxoNxktIupv43k9H2pJ67zvbOwscFRjTUYQy6eyml3u+t+bbZlGpF6tjJcaJUkO5WTAAKgAAAYgABiAYAAAAAAAAAAGnYaQ7AiOhpIokAhjEMBgId0EMAAAAAAAEmnu1s7c9QAYAAAAAEAialSnSi3J5UjUntHDrc83ml6kt01Ja3b+Br1cRbSOtnv4eBrSrddZ3un5AebLP6dZjopuUr3bfizWdCkr+zvNh3J5nDdr0T8WGMYx4W+Bp4nEulVhyjG/i7/wN9nAxss1Wv2Sa8tPkXHy37j6SYqOLwjjvazS9GeIUt3aemxGsJ8sr+B5JSbi37tme/jeXlnTplqUYVN63cTQq0nSbvrc6EJ3t2kypxqLXgz0vI3ejknP7RT5xUl8H8jB0io2rU5r/ABqafitLeTRk2HSVLE0by0m3F89d3qkdzb2AUMMpZbdVUzKWjvF6O7XevI8tvTyPq4/5P42vmPI0qeRLmdno/h518VT0u6cXU8lZerObonwR6Lovh1JYuej9mNPxb/4OuV/B4+Kb5f8Aja6R1UsPh1ZQdaSk7brK7v8AA85ozt9K6t8RCC3Uqa83/wALzOHHWxzwnZ05rvKRZr1N/ibPHwMNSOp3eJ2+hVRwr4prjST8pfxPoGFrtLM9yV/A+d9DHati/wDRS85fwZ77CNSi1waseTLtm9mM3xupTqwqRjKLupK6fYWmee2DjYpqk3+LWPfxXz8zvm5dxjLG8eWl3FmIA05pxGKoYaN5yUU3bW+81P6SwsvzrXsZwts4t4is0vw0tF38WatOo1Y45ZafSw4erCW16iOOwvvr+fAaxuGX516nBhJNGWFuJy6lvFJ8u5HG4eVlnWpl66l7yOPSjTTT5Gxe5OtwuGnQ62n7yDraXvI0VJWCUlqTr/THQ3PtNC/41p2mSliaFV2jKMmtdGrnDftPTW7HGlVi4taOLOkzbvHNeXobrgw0NehV62KdrPc12mY9Eu48VmqsZAFRYEABVwJuAFgTcdwHcCbjuBVwJuMDXFdE6jSRG1JoAVitAFqMSGEAyRoBiuA79gEucd17ce0FVjz+JztsQxcIqpRpfaJLRxUlF24NNq2nI51PbypJLFUK2D7ZRcoeaOVtnw3rcbGKrYjZ9WTjTk6Utc0LTavvUo77J8Vc3sFtCnXim5Kalua0Xc1wNShtDCY1fdVIVe5pvy3irUo1Ndxx6tV11uOsqsH+ZeaF11L34+a+pxuoml7MjNkg1qb606P26nXU/ej5owy2hQTe+VuKWnq0c2VNx3ajUHx0J1nRPsY2s603q7JKy3cNWa+vAzOl2jjRXHgcrep6JrGMlLSKMimktXY162Kw+HjeclSS4tqK9Tn4zbmyYU39/B3s7K8n5Izrfwx5rrZoy3NGnitrbNwblGpWjCUd63vyRw6L2j0gdWOFy0aKkoOo7qW67SW89Hs3o7svZ0LKmq0m7uU0pSb567vA7Tj+y2Y/Lj1elOzI/g6yvb3YP52NOdTrM0v8xuXm7/M9RtWpDDUJKKUesahoku1+iPKSe830zGN4flWtiWlTq/syfozymG9tTX6qZ6qtqpJ/mVjyOEn1dS3P2TtxufNO0bNJaLsZltY1oVMsmuTsZFPceh4GanUdJprRxaa71qevxFNV4TjJ362m13XWnlc8ZdWl2nr87lTw0no5UKbfB3tZ+qZ5uSeK+r/Gu7Y8a1lbT9lp2fet6PV9H31NGi/ek6nJXvZeiRqYuMYVJySTztPdru/5OhRb0SWbklq+5JEyu8Y3xYdPLn9RqbV2ZVttDE1m4RVo01xlJ2Sfd/PA4MTvdIa2Pp0fs9XXqasaluKSTWjtqvaXkebU2jtj2xfNzvVm2sxjm7+BGe6IVVXszo5O70SupYvtUPjL6ntMHUso954/onC8cU/14x8LN/M9bhY2Wp4s/e+hh/rc6GEquSb9izvfjc9TgsSqsdfxJWf1R5epjZ1Fp7KfmYI1J3Tu7p7zEuq9+XHebHv209uYcTVVGnUl7q9dy+JrbJxn2ums2koaPt5PxMe3ZZKEUvzzS8tfkd99nypjrkkrg4mmlJ2WjRhjc2oax5h1cDyvuy9M0wxk0ZYVpLgJ0osWXK+ZFuq3aVRm1Tnc5kJmWE2nvJ5ea47dCUYyd990VGlT5X9TTVaS3F/aas04t6PkTTh01tdbShyE8RTvxNVNMJS1Jo6W7h8YqdSC4TeV9/D1+J1loeYrO8ZLc2vXgehwdZYmjQqL/Epqfmj1YeHk5MemyswAB3eQAAAAxAQMBAAxiGQNAIaKMACANGMQAAxAAD1AAGFwsFogYauJoUfxSyvlvfkjXqbQi08ivpxTfocnas9pYeq44fB/alP2s7mkrvfpw17TQ+zdIayqddiYYFySShCKm0uOq1T8Tld12knZ0o4elnhU6mClH2rqEU14pG7G0lfd8Tgx2Fh6luvxFfF2tpKTUfJfU7UZU4pKOiilFdy0PNfLrYzZuwmU4cdDDKvBXs03u4bzX1bfaYJNtvrafMcGpbtTTNLa+Mng6WWnrWxDVOC43el/D42NSbrXToVekCnUqUsLQqY6cG4uytBPdq/+C44PpXjN8qWz0+Xtzt6/FHa2Hs1bJwlCk9ZRjeTXGT1bvx5eB0D1zGR57k83h+iGEc3UxVSe0Zv3rxj5J/Ox1obI2ZSaccPSi1onkV/gbwHTwxuptFbrIlspsgI4e36mtOPKLl4t6fA883vOrtSsq1Wo1uvZdy0OLKXjqc8nv45qIrNHi6rcak/238T2NZqx5DFxcatRfrM3x+WebvhGetbrG+EoqXmRGTPQdF+jGJ6QKq1UjQVFRV2nJtO7Vkny7T1VH/pxs+il1uJnLVLRRgtdEtbnp3HzHj+i+zHtjG4ek/wKTqz/AGI2uvFtLxOy68MTicWqf4JzbguCSetuSd7ntNh9GNlbFq1JUXOU3TyNyld5W+xJb0au0th7GwlDETo01TnSjmveTej7X2WOGX5R6uLL0+WV5ahVq0qlCpGSh1Unv1bbTVku6/cb3R9JYqhpdQUpej+prVMizxioys8ybteztK+vkei6LUVKrVqZUvu4xuue+3lZnmnex9rOzj4879uJ0k2vQ2zPq4UHPq1pNXz9tktGuxnmv0f2zJtLDVZbnfK0mu99lj6/WxLpNrS+dK2u5tK77VdGXB4iOJhFrfZN+Kv8z1y6fnvh8MrUK+HcoThKlKO9STi+zRmrN37LHuP+pGHjQx2FqRVlXoNS7WnZejXkeJrxUZWXF3N+R6noh+DF/tx+DPU0alk+48z0Yh1dCq/8ypfySX1O/h5KcoLff4Hhz9z6WE1hGosNOS5qxNKNO++53ZxSi0lbQ4apyRy2+jhl1yt/CV3hpxkuCs1zRs7QxkMWoZU7Ru9bcTkxU49psQlu4G99nO4S57RKUYl/ala0aUY829WY501wdiHBrtJ4dNTLRqcn2DzMlRbLUCN9oS13GRRfMWiMbZE8tmnCTRs0Y66mtQqxirGdVkm7EcLvba6qnIw1KcE0R1rRiq1HVTV7By1WrtHaFDBxk75pXypb25PcrI9PsmjPDYTCQkrOnSin321XmcPoxsbCKlSxM4KpVqt1Mzu7Jt2st27ien4s9WM1Hh5Muq6+jBCA6PIYAgAAAAAAAAGIYDAQyDXGAFaAxDAAAYAAahqAAAAYsVFzp1EnJafl36cF3nkp7VrSbjQwWIqyXvRyK/a9T2QzNnU3L0vHwwPSnGb+p2fF/vy+fyMr6J0564rF1sU+S9mPlqerOZteO0LQlhoU67v7Sk8unBp7jOumdo11WuVT6O7FpNONG7i97lJvx1sdNJcrHKlT6VYi0VTo4O++V878Fr8Cl0UnXv8AaMZWxF+CahHus7nLpuV7um9fLBjtqVsTWjhsCoVqkk3Ke+MUna/Js39jdGcPgJqtWk8ZXvfM72TtbRfN+h0tm7LwWy4ZaNNU+b3yfe3qzcO2M6I53LZDQAbcgIYgqWzS2jX6ik7aOfsr5vwRunn9o1uvqStqoeyvDe/P4BvGbrnVVociWjl2NnXrI41XSU+xv4nOvoY+WOs9GeXx/wDay7z01Z6M8vjn94y4eWeX2Ppf/Sea6jaMeMasH5p/RntsW1FQvazlrfsTd/NI+d/9JKlq204e9CnLybXzPo9eMZpapZWmdr5fK8Vr0qjzQ1bvNxd7bkmvVpPxMGJpwqLExeud5eSs+Gm/8V/Eyp0KVs1RLK771w5jqVsHFVG5r23bnwStp3GdbXcxvl84cXCdeE/8K1Ltve113I9l0XjKpSqyV4qdV23apaX9LHltrwpVsViZUneOe262qST5cbnpdn7QobOw2Fg6c5OMErq1te2/xOWMtzs0+xz5yfxsb9ujiqWJqVrXVk1a67E/jE2NnwnRdSMklbLu46W+RzK3SCnSavRs3uvLXTTka76Tzt7MYQcnpmzWfitx6vTyvw+FeXHWtuR/1Rg82yZLnVh5qLXwZ8+ryWfu0PZ9NsfXx9HCZ0o9ViFu5uL+h4iu/bfbIurh5bxszx7PY7BX9Xp9t36nbwScZp+6n9PmcrYEPuafbG53cFTT619y+P8AA+bl7n2J2wjbjNS3mGrhaU93sspxydwHFqdvDTq0XSXvowdZ2XOmaWJw+TVbjcrvjd+WHP2AiLj1NO+mTQMyMevIVyGjzXECT5NlwpTlwB4Y8zXaXTqO64GaOFfOw5YZRW8JuVdSMqai3Zxluad/PkYJ1VCNR3tli35ITpSSdnxua9PZ0tq16VJz6umouckt8knay7NTU71xv4YW2vU7EioYLBL/ALEH5q5v8iYQjTUYpZVFJJdi3Irmep8O97TAECKyEADAAAAAAAIBiGAAAAa2Wr+r5v6FJS7PP+AXANHZ9g7P+WLQLIgYABQDANQAAABh7XL4CHcBa8vgFgEAWALhcAABAAhiCmhMVwYGtja3UUqkuKVl+09EeetodXbFT+ygu2b+C+ZyeYenCdmGociurVJ9tn6HXqtI4+IlmqSdrXVjnXqjUxknGL7Dy1ebqTZ6XHawl3Hltbs3hHm5b2ker/6dVMmPrLf1mGkvJxfyPeZpQqK6vmXhbXcfL+iuLqYPaGGlF2vmi77mmnp4ux9Uo11iFSsouM8ttG3q7WerPbj2j4+ctyLGYTEQjByek1uTa4bn4fAnHUZ4ClCcpJpWjbW6dr2XPcdbG/Z8XCvC+sHm7E0rWX88TgdIpQr1FBtyjKjHROzzWlZyV9VovM59dkSYdWWnI+zTm6kurqNzqSlo2tG291152fcdjCRpzhTySlGcXGM4yvuulm3LsWppxqxgt0NY21hG/le5NN0+tpyh+KUtUlKMbLRPe0+GiPNjl/kfRznXw9NvaOrtHZ+DjFyhmo9XW6p758ndLg9TFtbAUHGi6UbRqUm1xu099nvept43F08RC1OMrzqKo+OqVtLb9bGni8TUlRw94OCpXV2mk7vS112H0Md9t18PLXfX08v0kjbDQWl416bte9rpq3qeTxL17rs9h0kn1mHvls3Wp68N/M8jKHW1VDc5zUfN2Jy+Xv4PY+ibJoKlRoLlTivGyNulier3aqTv8vkatWrFpxWnDTfyR0oYeKSSStGKXkfEr787TuipjISVle752MaryXabKw0eSK+yQ5HNqXHFrrEdhcasajStvKqUaFPnciEYRkmr6F8ruWMdTZsr+y/BmNxlhbZ1a/FM3/tPYamKhKvZ8ixrG23V8CNSnLiUow5I0/s9Xgr2Mdq8b+y0addfVb9WUaabNX7ZN7kjHectGmu+4ow7A1MdTu3KdSUku4pqciqcFFIyRI426rD1TDY9Nx2g+OXCP1n/AANWe2sBF1IuT+7eVuzy35ZtxtdHMTSx2LxcoNSUKNOF1qrtye86Y+XHO/469KrFaCsB6HygMQwEAMEAwAEaDAACAAAKAAAMWVAY802L758grKGWxMVWf5l5WKyT4yCCw7BbtCyAYCHcA8A15BdiuFF5AIV2BQg1FqAxaAICgEAAxAIAE7oZLko3b0SV/BBqOFtGeetV7LR8lr63OfVrRhdLVoKtbrM1tMzcvPU1siW45XJ9DHHUEpZjSxME7PkbbMFZaM477uvhyto/2NT9lnl4xtc9NtX+wqd3zR5rRHrw8V4ebtlGxsmapYrBybso1oX7syu/I+ixVbDNOlVhVi23lbinfsa3PuPmdNe0rK7TT8j7TgdlbLx9OlVoRWSv7TTb4rv33PTMul4tbRTezqkqa6yT9m7Ts3e63WWqs3quRq7So0ac5VYNyUaaW6+671vZtatdx14bDpU2rUoWWq3rXm9fqdCjh1FfgjCS7DFsvZnp6ctx4ZV8PJJxquLu1l1b3X0bcdPDxOhsvrI1Y1OpqTUItR0erfFq3L5W5nsFSpwu1FR07jBUx2Ep5XKvTp25yivicZJjfDpcrljpxcLDH06k6kaTbnmsnokm721tyFitn7UxcFGcYQjGWZapa68r82b2I6UbDw6ebE03b3W5fC55rH/9QNnttUaVSu72u7U4279X6Hfru/DzY8X7aXS3ZlXB4SEp1IyzV4Ryq7XF732LkeTwVB1MZB+4ut+nq0dXbfSz+mafUSoRoqM+sTUm3mSaW9WejNfZNnJv8TcFHv109TGWVs3Xu48JjlJHptlUusm5W0p/F7vr5HaulxsYsDhlh6UI8Urvve8iWrfefLvevqe7JuU2nfUymjTUk00Z41mt6v6GXKxVSln4mJ0ZoyqvDuH1tPmPB3nwwKhPjoZY0Et+pkUr7rMVSrGG8eTdqoxUUrGGpStqtbinilFN2tZGGntGnpe7+JYSVir1XDRcTWdWpK+tjJLF0MalKnrxtufly7TFKPI6PXj3g6ya4sw4nFunCcpN2hFv6E4uo8PSnK2Z6RS5yeiR0NndFoPq6mKqTrTTU8qdoJp3Stxsbxm0yyx4p38un0fwsMNgsNHL+OCm7rW71dzfoYbD4dSVOEaSlq7JRu+bsZU0h6M9L4tvVaYABGDAQyhMaEMgAQAUMBDAAAAAAADHZIMyFoMoPaY0K4XAAAQUwEABcVxuxIU7hdBoK4U7i1GBAAIQU7iuABBcTQLQM+UgicurV3oc7H15SpVfyrK1bv0M85uq276XaXcauOX3NTw+KPNlluu2M7uFK6MTbRnlFmKUTL6EYZSZiqdplkmROjUlui2abcbbEsuHqr3ml63+R5o9B0gbjSgt2afwT+pwacXJ23Hsw9r5nLfzVTVrvkbmA2jjsC31NWph76+zJpeRgtfTkhqFkjr5ed3afSPa1dNPFVotfryRWE27tbC1c6rSqvK17bdSNu1M4MfZknxWj+psOTtv3jTOnc2j0nx+MpqMpRgkrPIsjkuTs9UcbrHO7tlMai2DTegVebNpwQPQIQsVbd2BpqYv7urGS42fij0vRGjGeKqRen3PXR/3JfP0OBjaeeN/d1O90NqpVoy3tUZQ83F/JnPP2VvDtm9xGjzkx5aFO3/JH2qVpJRjG6tfiYXqfMe+S39NxVqfOwpV6aXvGnZAXTfSq97gXCi32F9R2hrca063U97ME8ZUm76G+8PCS11F9iw7/LbzQWXGfDm1Ks6lr6majhW9ZO3YbiwVCGuqsPTgGur6PCYDC4vDUYyVnRvBSTtNNNrR/I1K+x9q0m+qqU66/XTjLzjozf2RUvPHRS/DUjLzimzqWseyd8Xz7lcMrqvN7P2Fj516VXFzhag80YQva/BtvkeluxDNeHG5XO9zuUmQNGnNbEAgihkjAAQmCIKEY5V6MLptL4+SI+1x5P0M7kXTYAiNWDdrp3LLLtPBjJGihgAAYbhcLiKKAV0FwHcVxBcKq4riuK4FCbALBSGkArgMNBXAimSxgAg58DFUrxjdL2mu34mtOU6j11+ByuXS1rbLUxEVpHX4GvOpOe939EKTUN5i6zkjzXK5O0xZ4qyRjxMc9Oouav5akqu7bjDiMRKMKj5RfwObUxu3Ml5GKbRhlUkyE2zq9Ux0yuSMc5doOLMNRMrenF6TK8MO99pteaX0OHD2V2s7e3/7Kn2VPkzhRvdaXPdh7Xy+X/Y2KSS8S3uIjlfZcrJ2nVxDLjouZHYVTeVgXnTGrLtHkXgwUHuAuMrkt2DLbsHYiq4bs10bPR/+rYujb8Mppc9+nzNVNLjYulVyThJK2SSl5O5L3xrWPbOPotJOT11SNnqqbXIxRqKTlbmVmlFHy6+ld1XUQ7THKMIN6t2Gq0+xE21b5kWbN1Zdwsz4MhSQ7xfYGtM9OrvuS5SdzGt+82KVO28eGbJGKUpW3mKUFPjY3hSlCPaRmX9NfYbaxG0IvXKqT8XFnbONsW0q+1GtPvIR8oL6nYR7sfbHjz99MBiNOQGgQBFICUyioBiAIZxttYqScKcXa/tO2mnL5nWnJRTb0UdTzk6qrznKX53fw3JeSRjK6j08ePVk2MNUVrG3F3Oamkhu8lx+B5HtuO66Vjdw9V1FqnFrn8TzyliYXy1JR9fiZcLKdOtCpOcpWTTu+D7Ozebx/G+XnywunohokZ63hMBABiC5Fp84+TC0+cfUNLuwuzHarzj6harzj6kVdguu8m1TmvUWV816l2L39g0kuFyFnXFeom37yXmQW2K6kiUlwal5obU48l5gNd1h2RDVR8UvMFTqe8vJ/UKtSRO8Oqa/MvJ/Ul6fmXl/ECrGDESbTjF5OF+PgFXEZdL+n8TDGpGd9fkefLLTcjC6Mo3t7XxHCtwkjOY+qgeby6TuHCFTfqRKhHuMiilu3Dt3+n0BvTVlRmv1jTx7y0p9tl6nVt2v0+ho7TUcsNN8vgix1xvdwJRlyLp6cDPJpENpnR7N7jHK5gm5LtNhmGZWHA6RTWSiucm/JfxOJTlwvax1ukb9rD9kX8TkQyPsPbh7XzeTvm2ovMgbIi1zLsnxOriE0CSY0m91hJNBVqTj2lqTXaY12aFWktWwMl7gk1xsRFX5u/eUqb5WIH7PP5lxy2f5hdQ+xFwjGN9fki/BO1e+pJuMX70Yv0M0cTGOj1Muzm6uGwjv+KhB/wDijJOm3dO+h8q+X05d/DEqsZrSzE4ZuNiNYPeXGtNcQ1r6EaJFRWdkZ410zFUnmZFm9oNjrr2toa5mhSb36X8wtVG876kV4VYp5Up24GZuFFJXsHXU5XV9+hHLx8dmHow5VKWJqtaYjESkre6rRXwZ2vB+pqbNhTw9KNOnoqat87m6mz3T2vFl3you+Qa8g1DU05mAAEMAAA1HrYlPfxNHHbVw+DzRvmlb8K19eA8LJ1XWmHbmK6un1cXrVVvDn8jz8Zyi99jLUqyxDnJvM9Lvd3Ii6PPbuvtceHp4/tmp1XdXN6ElJI5aaRnpVkjm3li3LtCksya5omnOM1zCrUhh4zlJ+zFXZPlxvZ2tmzUqNNLXq11bvvutDcWY5XRuFT7O5z0eIm6tuSe70sddLmeyeHyMu2VTZjsy7AVzagB4gZdBvBRGDYVIWGABYMiANQCw2xAFGe3aHty4WGgcmVCVJPfqY68qdCLaS00XeZLtmtikpNLlr4mcr0xqd60JSlJtviJ2M8acFw9Qm4q6ikvU8T07n0wqc48WQ8V2lOL17TC8PN8UG5JWRYlyvZldZLmzDSoSg3e2pmUWuJVskC6znY0doyadNZnLRs6caMnY09o0MrpvsaJ8pNdTk5JBlsZ5RMUtDo9O2NowzLnUUTA6sGWGnG6QQi40HxUnHwtr8jiQe/8A5O10if8Ad7ccz+Bw4nsw9r52c/NsQlG1mNypcUiY8B1aaVtN51ctaUnRXJeZanh+zTvZrVNFyIXxBrbe66gv+H9AWJpdr8P4mGlRc03yMbhKOWW7UmzTbliXHg7duhTq1ZLSC17W35Iy5Yytud9RJ5WDTAut0ctFyX1MkIQbfDTvM9arCeVRiop69via3HncLp73o5jIvBUE9XTzQ8FJ29LHSVeD4nm9hY/Z2GwtGNSr1ck5NrLJ722tUrbrG/La+ylZKcqjbtZRd/U+flN5PdJNN2coty7xK/eaKxeMxGlDC1J33OSyR5b/AOJuYPZO1HNVK1WMcqbVOH4d25v/AJHTXTqmM8ssaVSXD5GyqUbJWuY415LgbEU5K/PU5sWsM6cYJtLcKGJWl15GSt+FmCNCT7CE/KHiJKTjbXQmlGTa7GW6EkuZdCeltzRWt6xXKr1Fpr8r17uJ0oyjJK2t1fwOda+j46GXZE1KilfWnKVL/a2l6WO2F8vHlO22+AgO7zhDNarjMPR0clflxNWe0n+WNu16vyRN6bmFy+HTuaeI2jhsPdOWZrgtX9EcPGyxtTV1HUXL8Pot5owcpdhnqe3Hg6u9rp4vauIxCaj9wuz8Xnw8Dmyg3e3eWyVVtwMW7e7HCcfiCMJq/aNRkr6DdfsF10mZde/0Wq7Ck+ZirYilT/HKMe9pMwRxtOq7UozxMnwim/N8BpLZJ3reUupTd7LyRl2bhp7fqRlJOGHoyv8AtyT+CKwHR/GY1qWLao09/Vxd7/tM9ZRpwpRjGCUVFWSWiSOsx0+Zy8k8RcVZaaWGmLXQLWOr5qrjuSARrAHoBzdhZj07xWK07gEA9BlEgMACwWHYQ2g8AzWDNEWfkhsCd+w49StOUm77234HVqSkozfJP4HHp3Ss9bHHO7kd8Jtac2UrIlNDVzzu2mWFNTV7ldSuZiUnHsLVWfYGO6lRiWowhyRhdafcY285E1Wz10OGvaaG0pxkqbvxfEzJpGntL8ENPzfIfLcmso03JGOVmQyUzq9Wg0nc1p0kZ3JmOpNop3ec6QaTox5QcvN/wORFJnV6RXdWk+Dp5fFN/VHKi7dp7sPa+fn72aKXAzfiglzZhiodsb8rP0/iXGyaV95tjynE6+Csa18u8zYiGTjdNXNZsJezdwdT2nykrGzVheE1vtFPyNWvR+yVcq1sk/NJm9BqpltxRFThpp04X1srGSdpLRGHDqMFJbrMztwX5l/PiBhvKOuUh6vkZ5xgk7yir/vPyRhy5/Zir5tO270RG55fTujFHqdn4JP80HPdzbfzOvljfhoRTgqUIR3ZUo9misUc3K3uNVxGkx3ugiwm3LxWDk5yyTinP2sr039vHUy068YJRlem0rWfye5m3iKMa0eTjqn2/Q58mrOMtLPc+fYebKPTjeuabEZ0531TIkknzNakoU5XvdbjM6kO84OmtVZiq2jZ21F1972MdnNlbkZIVk9+hn2SsqxcWv8A5Eny0aTv6s1eom+Wht055b2VjeN6axlJY2p1cidlmObiKmInfM9OS3G11hGmvAty25yTFy6lJTMTp1EdOdGMrvca01GHFMy90yavtrmYZ6M3XUijWrLNqjUdpe7CzE+Jls+RrurUrVFSoR6+o9/ux7ZM6eXS2Ywq9Wlh43nLKvXwXE2MBsvH7U11wVLfdr7x9y4I7OyejdHCtVazWJqrW7/Cu5fM7qXgdJNPm58++0crB9Htl4VL7pVXzl7bfmdOnThSSUUoJK1lovQoZ0fP6rl8gaEMMqAQEZMAADVTGJPsHqc3Y1cenHQkdkA9BBoO4C1GAgGA7CsiBBoPQWZ8CiK2bJU0t7L+BxalRNaLed2VnvOBTptyy7raeWhxyejj+SiZEp8mbMYRjuK1OLtcv01YdbdKztc2MsuVyilWj7xGLd/BKjpyZHV8zJnzvQMrDG2GUHwNLaalCEf2vkdRxRo7UhKVLff2kWeXTG/lHEbQjJ1ZLSOj2MTMMzLUnGOlrmGVZe6VdPObfnerSitckPVv6WOdSnJuK/Dd24mfalTrcRXkuErc9Fp8jV/td7t3nux7Yvk53ebNJzpPLLTvTRShOqrpZne1uJdHEYmGma/DXVepf3ybd1ry0NI169GrR/GreK+Rr00nOCe5yS8DaxOeSvbRcTVp6zh2yQZrpbbssVL9hGCk2tVpZ+Bk2439sr8Pwrwyow4dp3RJ4dPlnp1pZrPibCuzUqQlGzWvEyqq7LjcppdRbuGp0OjdONTHYFNZk6qdu5Np+DSZyXJvjc7/AEQkv6RwluKnH/wb+Rm+Gp2j6TYdiUWjm4iKsOyEMMiyNHaNCUkpxWZx382uztRvCuSzcbl6btxKNq17cEjK6M+8eOws8O3Up7vzJb+1pfFeJipY2TWqUrretDy2ar3S9fgoYaqndq3ih1ITtusZYYum96a9TKpqa0MLuy+HNbqx4tBGtV95nSt4mKphqdTf7PdoVrqnzGn19X3mDr1ObN/qKMUrQSsu/wBWDw9F/lSKdU+nOc5Pe2xeyb7wlPlbxNXFUY0bW4uxZXSZS1i5kylCnGTl7KitW9EaeMxTw2W7V5v2YpZpPuRt7N2BXxzjUxjtFaxppvnvl9DpJtcspxzy1sNQxm25fc/1eirp1H+J/so9VszZmF2ZTyUo5OLe9t82+Jt04xgrJJJaJdgzvJ0x8vPO8n/AMQyuAAACAAABgAAAxAUa9xq5Ov8ANgt2fA4uytQF7Xu/D6hafJ+n1CL0ELXl8Bq/J+n1AoVha8vh9Qs/5sUMA/ngGoQCsV7Q8sv5/wCAJSl3HOxlHqZ51qp6PvOnapyj5v6GOrS6yLUrPzM2bjeN6a5aqrkNVYmy8JS5WInhoLizyPRuViVSLJdG+4yKko7g1iDf0mlCUHK6Cc6vBWLUuYaPi/T6ALOmld8DXx1nSn2W49o6lBuUnzd+H0NLaUJKm9N8kh8tybsaMpLmYKlRcDHOLQkuw6vfMdMcpamNtvtM6hmfIvJGO4rXh4vaVJ0K1aO60r+D1XxNXWLatu5np9q4CWNUbZYOCau73fZpwOJUw9ahpUpdYo6XV07d6+aPbjlLi+NnjZlbpVOlTaTlBxvpmXtQ809DHKVCn+F/GxFP7M29JRi+Ckk/G6s/Q26MdmrVKc7c43+aRtx20qk3KPCK5cWPZyi8Rhr7nVj8TpSxFJxcY0k0+dkvJL5nPo4LE15vq4/hlv3JPvHwd7fDZ6QTjLEyt+WMYvv3mlTfLQ6G2tmVaMpVV7caju+yT3p9je5nNpyytdhJ3jffqu424OUla7Y4uSumiafVWT3eNjPGSto83wK1tFuw9F0MhfHUpNaRhJJ7kpNWXmm0cWjHr6kIRtebyrfa/bvZ6nozQw+zsYozcoSnDKlJZYt3snFav3tX27jN8Lvy9rdIrPFDSRSizm5EmguOwWCJYmWFgMenccvGYLqW5wjeMndxW9dqXLmvFHVaF6Es3G8crhXHUJNaW1S7RqUqb3WLxtCthrzpaxerjva7V815Gk68p2ejuvCx5rNPfjfUbqxCs7rcSsdQWks0P3W/gYKcJSTu7XFKnZ2MtdMrYqY/DR/C5VW1ycV6mpUxmJlu9kpxjFNuyst70RoraUaksmHg8ZL9X8C7XL+e8utrJMf2z9fiNbykreCNWGLxm0Z9Xh11zi9Zv8EfHizeh0fxuNa+1VEoaPJC6u+TZ6LC4ajhIRhTiqcY7ktF/FnaYuOXJMZ2ndzNkbAoYF9ZNvE1pLWctbP9VcEdoQzq8FtyoQwAMgAAAAAKyB3AAAYWHYBDCwAa1hiC5ydTABgFhoEMBBYAKHlGkFgsEGgaAFwh3Rjqzyxn2JjNXH1MsLXtmdvDeyXxWpN2NaNeel3cyqWZXNSmovwM0oRqb9LctGeN6bjplJcXJvga0nWocc6D7Y7bvUL0tjKhZEzn1cTW4OxCxVb3vgXTr0Wx0nT0NLaVO0Ydsn8CqWNlukY9p1bxpcbtjwklxyjmzgYmjJJsxu5t7IxSTIcpIySZjm2Vvy1aspSMDNiaNao8rNLphnh6NXfFX57n5rUX2RPTM7JWto/UyRki72N7sYuGOXw14YanFx0vqb6tFW3GvT9qSNtQuS3ZMZje0ZIOM04ySnGSs1v07jzGIwHtTcOEmkuy7tY9FkatZ21OZfK5d7+JZdMZYTNyacOr/EmmnxTNiC3u8klyS+LR0Yu5Xso7dbz+j+2ns/DYutXpdRBznJyir2tqmtW7Lce62H0V+y1adfFVPtFWGqWrinw377X0skkaXROlnxDlwpQb8Xp8Lns0N7ebPH08tKRQkUZecANAUJILIYATlE4FXJbAnI7nMx2yJpynRtdvM4bk3zXJ+jOqZKbvpyHlqZXDw8f/AEtRoScHCpOa/KoNy7mjIv6ax6+6wywy96q7P/atfQ9f4CM9EdLy2/DzVDor1zTxdaWKa1yr2IeS3+h3sNgqOGgo04qnFcEkkbCBm9acLncvlHVjVNDA05lkQ8qGkNIBZULKWICcqDKigAVkOyAACyCyAAgCwwCCwWAANQZI0cXoUABoBQEjAYCABgLQAgasK4myHqVQ6kU+bOVtKpJVYJ+zHLv4Zr6/I7EIcdxqbQpRnTqK25X8Uc8u0dMbJlGvQirXXtXMjSW/Q5VKpOm9Hb4G3eWKSasraW7TzvXcbv8ATNKpTel17WhqyoVl+Vu3cXHDVE4vTRpm/mi76k8M76PDkzoVWvwtGF05x4NHbc4rexOVN79S7bnJ+nHp0Kk+GnPcRjlk6uO+yZ0pPV9jOZtCV6ncki73XSXqrTkyC5Eo27sNT2TBKZtyhnNarh5cA3NNaczVrScjcdFrealfRu3A3C+GGFzMmTBoyOMWu00zNiktUb0Jo06cbGVGG9NuNrrjqcGUdx07tdhp1YWcl2liWaY4zRUYubREYZdDbwkM8kjTPw9T0PppRxL55F4Wb+Z6VHJ2FQjQVe355KXjbU6xp8nk751cSkREpFcVAANlQXE2JskoYCuBlTAQyjLCebvRaNdaGaMsxtzsWIBlZS0CGIBoYhgMQxAAAAAAAEAAADAAKgAdgsBpWHZgBwekwAQFAIAhjEADEwYATluVGmP0KQAlFGtWSqKcXukmvA2W7I1pWbZxz8J4c+ezYNezJq3P2kaF6uFnJfha8rHe0NDaeElVtKCu0rNcbdhxlezDPd1fDWjtB6XinqbyasmtbnFslf8All0q1SlufHdvRrT03CWdnWlruMFaq6V80GlzVmjHTx0d0lbu1RtQnConleYzpw1cPhpfbKNnv8jQxNelUqO3BI6Mtnx19pq77Dk4jDqjUm082tvI1NPTj02+SlKIrowzeVN8EnLwRjw9XroQlZxzxzWe+19/cbd2zdK+pjlUSMbMUnvBo5VlyOdVd5PtbN5x0b7DTUbpmomtMaS7jJGFzbweAniLaqKvv427EGNp9TUlFbo28rI01tjhFGSMUEEjLGNzLTG4Ix4zC9XToVOFRuL703b0TNiUWr21F0g+6jg6a1yKT8kl82GLdacl6PmbWApQqS4q3LR+Zhgs9uNzq7LoRUmpLM796NLvs9VseOSEkuCT+J0kczD1OqlC+ifsvlrufnY6a0NR8bP3VQ7k5yXI05slwuQmVcAABFAAwsRAAAUNMabRIJgZ4yuUYIuxmi7m3O9gMAKyYAIBgAAAAAAAAADEMIAGIqKAQwNIPQlRXN+n0Cy96Xp9Dg9KgFo90mvL6Cy6/ib8voBfoK6Flj2grfzYChB5+gafywGrDuu8jfw9WXGOXs8X9SotXkDaiS3/ADr9SJK/8v6kQ73ua+WxnUEr6Jef1MLklwOGYADMLMjgMOKw1PERs9GtzOC3luuWniejzeBz9oYSVa8oKzXDn/E3K9vFnq6rmPQqErbrq3emY7+Gvcx8zo+jrcdqnJ5YvfdJnHlaV763dzZp42EKclJ2snrwNB1YNaNOxz1p5scdWtPa0U6cacVaWJqKku692/L4m5Vw9NxjG2XIrRatdW5fQ1MPL7Xi5y/Lg4ZV+2978EdGx6J4dNudPLSsqnsfrfkfjwfYzXnG1+J1Zq6s9U9OaOdVwEFmdOTocdPah5Pd4NDTcy0wTlPLLuZGDpxqTinor68CqlPF0lJOCrJq14uz72n8mY6DSlF7zPhd9T01GFKEdEkcbay++n+yn6HUwzU4a77HP2xC04v34W8n/FBxnbNp0mo72bFN33GtCDmo8LGalQqxa3aEer4bWEg51aS/Wv4LX5Glt6XWYtr/ACqaj4u8n8UdXZlOTqN78sH62X1OJtK8sZi+LdTL5JJfATy89u82LCq77j0WBtGK038TgYaFnZ7zs4NtK1jTV8Oo6iSWl07rwN/A4jr6cXe7jeL53Wl/HR+Jy5boacH8TNsqo6dWcP8AMjnXetH6W8hPLyZY7xdlIZKZZ0eM0AhhDAQAMYhhkAAFAAAAFRllJA0NhO4zDCVjLc05aMBDKhgAAAAAAAAAAAAMYhBDC5NwA1L6WFfmeSjt3aK4xl3x+hmj0hxi3xhLzRwfV9DOfD1Gnb8PgJux5xdJK3GjH/c/oWukjW+j5NDbPo5z4ehuGhwV0ko8aU13NMtdI8L7lReX1DPpZT+tdsZyI9IcA/fj4XMkdubPX5n/ALZBjoyn9a6yQmzmR21s9/4nmmvkZI7UwLf9rHzDPRfpvXuNM1IY/CPdVi/3kZVXoy3Ti/FFY1Z8MrV07ms3axkdWPvJ+KIOGZrSLmOUkuJmcY8hZY8kcBEJqXMoe/gFiI1sXgoV1mVoy9H3nIqwnRbjJZX/ADu5noCK1KFeNpLMvXwZuV6sOS4dr4eXxUrU5duhoSxMcNCpJ8F68EdfauzXTScPbzPdx/icbCUPttdJr2MM7vk58EdZ3fUmUvHuOnszDPC0IKX45/eS55nr6bjaKbuyW1qdnmYpmJ+ZklYwztZ68CeFQ6tOL1fzOXQtGVuCbXhwNmS9DWlaM3bTczO9vRJp3sGtEYtsRvTg/dn8V/BGTBTvYW1UnSl+1F+qRHn8ZuRTkpRTTvbTR3M8MSo6P2rGCpSg5XSyvs0fjz8So04yI9PmOrsvG04qr7LWqXDtOLjal8biWuNRPzivqdrZ2Dj1Tlr7Um/LT5HG2nTVHF1ba5oRl6W+RJ5cO3Wqkm5X5nTw+nic/CLNl7UdOjHVLmzdX4dGnuXYi6GZzhbem5Lvtu8VdExTsY551uvHt4nLfd5/MdynKMkmtVLUtHN2RWlKNSDd3TeZX32lf53Okj0zvHis6aYxDDIAQAUMlDQZMQwKgAAABDYihoyQkYxlRmRSMcJXLNOd7GAAVAAAAwEMAAAABXBkgUAIYR8zzDuPILLY8j9qLhmCwWKFcdxWCxA7g2IkqqugzCSCxTsej4A7NitfsHl15hnUZcHZVqFtPvI/FHtH5nnNl7Nq05xqTVsuqXHl4dx2W51N7OGXd8XnszzmmzdcwbNdLLuM0ZeByfOMAsAQyZDuJlHn+k2PeH6ulSd6tSDt+qnvb8tDgYadTCxUYScUnfvfFs7+I2VhlXrSlmqyqWu2/RWtZAsDho7oR/nvO0sxj6vFcePDu5KxuKe6WbwRsU6+LlvsjJicEoJyhpZXt9DnqpHg7G9vb+PJO0dFyckRwOc6kpX9p+ZVKTzLVkcuixmqQepqSvm17jpZWzTxUFHUjUrrbOSsh7WS6vva+KfyJ2VK8Yl7YWWFPtnb0Zp5b73HZcXYgZHpnh6DC/d0qafCK83q/ief25/eqf61GK/8pHoabdWKklpLU4O2l/WcPpupPyUmSeXlnubGzqfsbtYv0Z0aFJSk+Fo3MOHpqK0M8KsoN24m6u9tyKUVblzIlWgn73cRmVRa/QiUUr2OLOl4aqo4vDpa9bTqRfhla+fmd1M8nHF0sPjMO5X+7pTbt22S+DOxDbmz3+dx74v6HonhxzxtvabdUpHOjtbAS/xYrv0+JsU8Vh6m6cZX7TTz3Gz402GISa5gwzpaGiUxphANCYrlRYCAIGIGADQ0JDQQJmWMrmEabRpLNthDuTCV0M25eDAQAMCQAq4NkjQACQ0ikgEkFimII8G8LYn7M32nWyRjwb8G0Jw5p+TPDt+j9SuT9jk+wFg3yOuocoteDKjTiuD8mNnq1yPsbRE8LKPC52vZeiV7cSerT/lE2vq1w/s0uKFLDu17HcVJe7fy+pmjhM+rWVeH1LtfW089HDylbTf4s26GyMRU3rInz3+h2qdOnTuorcW2tc2aNkZ6nny578OfT2HSj+Kbl2JW/iblHCUKC9mKjw5v11IeKW6Kbtz0KcsVv6q6/aT9Lmd2vNcss/NZ9CWlEwUsZTzNSWRmWdSMloZcdWVlhVRea5qwZmuyM2LdxGFyf8r+IszCabGgMiEuZTkio5WKmlUn2Oxh6xMKkouUu2VyPZZp6ZOxz1TXBqxya+z5pvJaz4PRnTbIZvw745Xj8OJKnOk7Pf5mSlBu2l7G1iqPXXadmvI14znQeqtc15euZ9cbFnZhbPCSfFMiFeEuwU5RtK+mj8rFcrWzsOrdJcmb22I/cp7nGSa4Pin6M+e0dpY2ik1UcLrg0mbeFxNSVSnOTdR5ldtu9uOrv8jv0XTxXknXHXlN3KhVkht00+ZnpOnwscH0dzTo7NxNV0rZPwya49/zOZiq8K+0Msvu+ppqnZtb3q/ijrYGrToUa05u0aTcn3JJnz+tiKuKq1KslmdaTm7p8eTWpvDHqrw55+nX0SKUF/Nh9RWdtN54Kjial1HNK193WNLfykk7H0y2r4WGc6ExzmU7NHqKi4CpydJvMtDaxFSnRTlKSglxbsjhY3aH9IXp0LqD0lPVaconKd3on5fDUlOOIqVqnCrN2/ZWi+pcUUqSikkrJKxWWx1fUxnThEJDQ7AG/KlKS3Nx8Wi1ia8N1Sa/eb+ZhZIY6Jl8N6ntXaEN1VvvSZlht3aEd7jLvX0OaIMelhf6uxDpHiVe8Iy7rozw6Se9R8nf5Hn7DSK5+hhfh6VdJcNxhNeX1M8Nv4CXFw70zydhWG3K/wAfG/L2kNqYGpuqw17bP1NinVpT/DJS8UzweS/aPq4ci7cr/G+sn0D1E7o8HGpVpr2ZyiuxtfMz09pY6nuqy8dfiXbj/wCbL7e2Q2zyEdu7RjvlGdua+hnp9I8VG2anCfdp9S7cbwZz4eojKxnjNSPLx6Sx/NSfhJGzQ6SYN/iUqfer/AsrjeLKT2vQXA51PbezJ/4sY9+nxNijjcHV/DVhPuaNvNcbPMbTEK4BzMtISHexQ7A3YlyJ3kRV7jJ3BcK8fHFxd9/mV9pjwsjm/Z6ye9FxpVNLST8DxafpOmOnHExtzsV1k573lXJaeZoQptWvK9uFtC7vne/Z/EunPpjbeISsloi6adTX8K9TTpOnG71k/CxsLExXP0uTTFn03k6VDfvfiyJ15S4WXqabxEFeyevN6/AxyxS00t4sxpx6Lb4bquuNiKktxoOrLu8ynXqSsNN+nW/TehvYaV13HGVWS7DZoYrqnrrcacsuOujVp06u+KZi6mEdErErH0ddH6fUj7fQ10lu7PqZ1XDpynwtwy9olNrSxEcZTfCXkvqL7VQi+K8F9Rr9Gr9MkZ6lOKZg+14a/wCbyX1K+24X9byX1GjV+maNN8B1YZIy1tZNmFY6gveduxfUw7Qx6qU5xp+zKSteWsd/GzuXSdOVvhzql0atTF0cO2pzjT46tJ+pxsXHadSUuvqTUb2tStGNu/6mGktn0lph1U7ZPM+93R6JjPt31lf6uvV23s2Lt10fC79UjXe3cA1pKU+6LfyNeOOjTuoUYw7rR+CK/pSvwjb97T4GumJ0Z/S/6WUvw0K9T9zT4iq7XwTUozjOk0t0otP0MD2hWlfRebYPaGIa3JeZdRZhnK1v6Qwz3Tt3poK20qU6VWCeZzhlVk73fAyTxmInvyu3Zf4hR+04ycacWqed6tK1ktW/BGpJcpHXPqmF3PEa+D2RiowVSqurhqm046WtfNZ3vqtN51HszAVYU6dKMa2IlO3szlua36u3i9DPPEYarGpSyJ0oOLSTyu6krt89E79r7DDUpKnGeWK0ahGTXtRatOKzcE03HXsPtzCY4eH5a53LLy1cZP7FJQqXc0lutJNcGmtH/AiGMg/yzf7rZtVatVqjKElGFSLskkmnpdNd+viy6dSst836Hxs5MM7H6nh6+ThxrTxVd4jDTpQjPNVqZtY2ukr287GPZ2zHTtO1LFqm05rWbjHe201ZrtVytt4mtKnQhm0UpPtvZK10VsbFwoulU6yVKUZqObfputaz3q+h6uGSvmfyeqZd3Rr7Kwk4qemFUrtJPKtFfc07q3Zc6fW7QxMYypzjRpXyuaSqNK296prhw43Hh6nVvDVcqqezJ2dllvx13WV1o+CMtBywUbRuko5bNJO2ujW7TW3Y7Hfmxlx8PF/Fytzs2r9H8PfNUlLFSXGbbXkZngoRVkrW4LcY/tNSXFk9fVfFnxX6WTKKeE8DE8GX1lTm2PPIO8uUYHhGQ8KbOpOhW+qtV4aRH2WRuXGr8w11WNH7NLkH2WfJnQu+bDUp11znRlyYnTlyfkzpNXJyIL1Ob1clwfkxKEuT8mdNRRUWkF63K6ufJ+TBU58n5M6zsCB1/pyckuT8mCpy5PyZ1WriUUgdbmfZ6vuv0H1FT3WdW6CzDPXXIdKfuvyYskvdfkzs2RLSC+p+nHyNcH5MTjbgdnKNQKnXL8OLCU47m13NozQxmLp7qs4+LZ1UmxZGNsW43+sa8OkG04W+9Uu+KNiHSnHL8UYTS8CspStyuXbhcML/AEZKfStP8VHdylf4o2qfSrASteM4eCfwZppR8y4p8Lsu6814sL8adWltvZtb/Ey35po2lj8F/mR80efbJtEvU5ejPtrC0ALHJ9UWCwCIGirCsMIHGwhgBNk+0Vl3FisAkUCGEK4XYguBSm1xJnLNYTYnYGhcRIBvRqViZSuFhNBdEroidGlU/FGMu9Iuw7IrTV+x4X/LXqvmJYLC+4vV/M2pE5XzuBpy2dhZ7k49z08ncwT2T7s/NfNfQ6lrEtAcOrga9JXccy33Wq+pgw9GpWzKEst7KVnb2d9vH6npFJR7La9hpYepGNDPTilduytfW71k97dteR6uKdXJHzv5WXp8FVHDTpxtFSsoZVa0ePB8NxuU6NDEQxSftKduO9J2aeurVo6nOnUcl7dKNRys73V/gx08RKebKupUla0efPv7rH39bj8X/bbdwtHq6MIu8t7d9dW9yvwNXGYeMIuUU1l3pbrc7G+3KSi3q7K/DXmRJ30e61vA/Ocv+2v3XBdcGOnmMTOjiFkk8l3dS4J8L9hrYTBThWjTlad4uSSejbVk0/E6m1NlKKlKlquMd/iufccnZ8p0a9Ljq9PXTlqkd+LLpuni/k49e7p7hUqUacUkmpJO2VtaK12rO7TS00epsUlGakruV3xUot9rutDg4bFOLnq43bk7NrV8XZ7zdjUxNfdUlbx3drPsWdWP6fkpejk3O1jcrQlT3Wa3c/PkY9e4z4PDZKUr7ne3K3YYlrdHwuTD08uz9nwcv/o4+/lSBAhnne4CaYwAiw0h6jAFZA9QAIaLt6EIu4ZQgY2IKBgADAACFYaG0CAaQ0gQwyLCaHcAiUNgxBVoaI1GpIItIYroYZIQwCtUAAO4FqAwEihDCABDAAACAAAAbJGK4CYmOTIYUMljEGwABcAsSyyWBNgQwCgVirABgxFLrKdWK/NBpd9tDn7P6/DwzU7zVsk4b5KS3u3FPkdgwV8JTrPMnKlL3ovLLx5+J1wy6MtvLy4ethpgpywrc5PS6Vk/Z11ve5mw9LBScmrJ5t1/5uc+tsKrVk5PESbfGUVJ+dzNhNmvDzUnU63KrWcI7uTvc9nrWPi/+TbrYrL7Kjyv57jBa5c5ue/X4dxNzx5Xrytfd48fS45DUDh7Y2a1NVYqyus2Xeu1Hei0VoZl6a1lOuargU51qSjeP2iD1Uoq68VvXcdHA7Vo4aFJZM2VKN3mTslvtx9B4jZWExDbcXTb3uLy37+BhjsDZ8XfLKevGT/ger1bcdPk3+NOrenXwm0sNi6eIyySlayjvld2100S38TG97Jw9Cnh04wioJ66Kxlsjz5Zdb3cfHOGVMUUK47nN6CY0ABQCAAgGIYDQxIAimQylqKwQkUhFIKNASAFcMmr6hb1BaeJkjUppWcL6707S8d6ZWLdfCMomjJZL81+x6P538yb2BLtN2NMYiNDMFwsJ6AA0TcpAUNCGghodhbh3CNQQwDuWgxaDAAAAgGSAFDJGAxAAAyBtkkUMljYg0QDAKQirCAVwAEAwGhgSkOw7AVNkkPcAAK4h3YwJyhlHcYCSGhpDsAyopE2GgwqyFKw00JpBEhuC1gsGjQCQwgQxDQAIAABiC4FxGyQuGTGiRgUAAENWG7EgEGgAFgHcCQuBQNCTHcAsCQDAB3EARQyEx3A1xNFCDqmwxiCmgBAArAkMAAAAIBDZLAdyQANCwhkthTATBEFCaGhhGPKNIqxLTC7UolKJMbllZFhDuAQrEtFgFRYmxksFgqEikhjCAAAAuFxFJBkAVYTAkQ2AUAK4BQMmw0EMAAAAAAaGIYQAAANDENBDGIYQAABAIZEgoKTMaGmFZLhcm4IIoNRJjuEAWAVwMVwAA6ABiCgAJYDASRQAAAEJksbJClcZOgK4aMYCuANBcYmgGmMSQ0EMdkIQRVgEmO4DuhkJFBAIBXCmNCGA7CsFxhCBgACSKQhXsBkuJkKQ7hAxWC4wpAFwuAATcaCmA0IIYCC4FBcSZSCAAAAGhDAaGShhDGJWBhkyWhgwrGBVgsGiRQrDCANwCsAZguG4LgQGgArBoDEACFYoAEhgAAJjJkFSxAwDRIpCsNAAxAAwAAEACCGMACkwuAACuWkKKKDKWIpkMKaKRCKAe4aEitAyQFaEuwQMgpiCkh3EJho0UiYlBADC4gJGkOxSAWoajAIBWGACWg0SNAPVBqVvJAYyQAoPkRf0KTCHcaZNwTAtASgCL0FoTYAKEIYAMkLgUICQJSGIA0YmFx6AACGAAMQAJiEFIBiDRXAYACGILgMBDAQWGACGSNAAxMALiMxoaYZUyQbAKLDQtAvYCwJ3hqgyoQrjuFACuDABABFA7iAIoCblIoZOpQBE6jVxajQUxDACWgVgZO4C00F0QNBdMhVKjOuk4e2r8GrfExXY6ahG9llvy0+Ac7vXZc45ZST4O3kSXvDKCeEWBFtE2CkhgAUagK5SCAYAAiChAMLCGBFwJQyNGArhcC0ArgiooTAl3ATEgBBoMLAMKQAK4FCsAAIaFYaCAVihADEhhYAAY7AQNDEABYEABYAAAYXAAGK4hoBoe8Q7AIbEIIYABFNAmILlRQyLjTAbEAgGAgCgGABUbhpjtcLAUldFJWEhhlcS9DHGVi89w5/KWSUyQpXC4xXDQAEMIaHcQAFhMYASMBBWMLiGRsXABpAIuIrFRRWADATAliQ2Sg0YAMKmwWHcABIdgQwhWAYgAQxBQMSGEFwuIQDGShhTAQAMAEABYAAQwBgCY7k2KQQCAQFKw9CBoiqEAghgTcaYDABlCGIYCAB2AVxhYVgLQCC4Q0UiLlIIqwrA2FwhBZFZURf2krO2uoFWAAABXBoVgK0ASGAgBiCsYAMjYQAAQ0MEIMgZIBQxDbEVQMQEUxBcAgC4AADEMAAdgtYCbiK0FYom4x5R2IpIYIYRIFCCEAWCwUDEFwoAACAaQhgDRLKuS2BKZVyQQaWIEDCEMVh2CmNCQBlVgCJTQQrBYYFQrAMAJsIoApJFIBpBDVgQLUoMkIegaMBDsKw0AmmSZBBUWC4wsFTYY9AsBiGSMjZjENBDEAggABMKYguIqgoSGiIQFWCwRNgsVYAEMACmkOwkMIMpOVotBcrLG7gORNiNGAIAGJjEwpNibGKwUriKsFgoKEMMALgIBNiCwJBokmOxSAKQAAQDAAgGhDQQ0UmSFwKAQyoAAQDAW4AGUiRoCkwuK4BAC0FcNQKC5KYwKFcQBAIbEFCGIYGAaENEdANAMIBDEEIkokNBIYAADENAUmAkAZAAADGiRoCgEBQxMbJbIhAIYaCHYSGEArDACQSLsNICAKaJYCGAAACGAAABQAgABiGAhiGAAAAAAMIYABQxAACAAIGNEopBAMQFDAQwABDAAAYCuAgAdwuIAMYAhkaCKsJFBBYllMTCJJKYmGisAwCkMQAUAgCGxAAQDQhoCwEgKC5LGSwAAAimACsEMpEjiBkSHYUTIkVhjaMcjLIxMLEjARGzAACAQwAQAK4UxiGAhiGAAAgGFxCuBkuIQ0yoBgAEgICKoZKGgigEgKgGIYAAAAwEAAADsAgGAGNIYFIAsACYUriuMkAAQw0BgBEFhWGACATBAMAuAANC3ibSAd2O5jc4onrYmjTLcZiVSI+sjzIuljIUh3IihokaABiC4RkgzKtDDFouUkisXvSmzE2NyFcjU7QgAQaMYhhAACYBcXjYe8UrIKTYKRI0gq0wEkMAYswpSMTka1tdbZk+WompLgRTkz0Gw9m4TGUpOSbcZWerXbwfadJjtxzznDjuuDdRe/gXmSS/lmba2HhhcRWhHdG1ldt2aXjvuehobF2diKMZRi1nhdO8vqXpccuXHDHG67V5jMlcSnexE04OSe+LcfFOwIxZp653m2SwWCLuUZEpFWCwyMgAAIVwBgRVIZKC4QwFcaAaGK40VAABYDGkUIYaDJY2QwpXAkYUFEjAYCGRDAQAFhFEsKSG5WJk7GGUmakWRmzpJ8TJhcFiMa7Qjez38DFgqEsVVpQWjnL0Wr9Ee8y0tnUHlj/AGcdEufBeZ2xx28XLy+hqSd681HovjGnecV5nMx2zMXs/wDGtHpdar6o69PEdInNTyScb6x9lK3ZfUW0tt1cTTq0p4fqsy/M/granXpjjjyckznixr4fo7ia0IyzKKlG/NnEqQdKUov8ra7NHb5H0nCLLRpLlCx88xWtSr+3L4sxZqOnBy5cvJlL4YVNxM1OrGRrSHDQ5a2+rZuN5MdzFGVyzk4qGjHcqLCKGIYZS7CY2gsFADEAAAgGAIADeGoLQWjAVgBMYU0JjQMDGzG2VLQi51nhuKgz2HRaDjQqP3ql/JW+R5KhFzlGMVdydke5pKnszCq+6lDXvOuL5f8AKy/CT5rynSOcZY2v+qox9L/M7nRPFdbQlT/yHbweq+ngeVrVHXnOct9STk9/HgdTo1XeHxKjqlVTjyV1qvn5mv7Lnhv+LJ8xXSHCKhiW1urJS8Vo/l5nLlY9rtfZkNoqleWR03e/ZxRzNq7M2fg8NNq0Z2Vm/wATfJd+7QWbcuPmmOGMvevOqyKjK5CsVFJHCvqLC4rjOaGAmybgMAERTuFxDCC5SZNgAsVxNhYqKTLRKVh5giAEhsikyWMVgpAABoAAAAAAAAAACYABFSW4wN3uZqkTEkdI6Tw63RmKli6fZGR7DH4mGDo1KjWZQW7tvuPC7JxKwdenUeii2n3Wtf5nt69KltKhKN041Y718UeqeHwv5M1zS3w89g+lOJnWhGdOOWclHTetbLV7zubbwlLFYeq2tYRcl3o5WC6MdRWhOdRTUHdJK3i3c2+kG1KOGpypReadW0bLgnvb5FcM+n1MfTdekssIrsseKw2w8bjHN26pNvV7973L6ntlKMY3vY8xtTpO1mjh7WWmZ6+S+bJe6cVzmV6Z3rzmMw32StUpt5urdr7uF/mY9Ex1alSvKUpPO5O7bCFNyZxvZ+lx30TfllpoyIUY2KscaxSHELDSsZRaRVhBcME0IbJYUAAMKWgkNWBIBgAWALBYBgRYEVYLBSGFgsBEkmYsvMztE2ual01vTd2LisNg60ZT0WVq+r1PS/pDsv3/APxl9DxuXkJxdjvMpI8OfDObLdr2D6QbK95v91/Q1Mdt3Z9anJQzOStJey1qnda+B5d30DU31RifxsfuvYy6RYHK8rk3bdllv5HlMTXq15uU3nk+PyXJGK0rBkkzNy7OuHDjw201K2hcONxQiikjja9agADDJDEBAwAAABCuEUJjQAAxABSZVyEUEIllEsKQAS2FMXjYnPEyUXGMotpTV0nfkVLdJ5doze2tPBt0409HRbVkrR1368zn3W7ffTtLrTGOXXjvWlAOVOpTtmi4X53JJ4dJdnZg9ENa9uhK10tdkNrlTqU1FtNKUU0+Fn2kmzXxtTE04QfsZG720Vl9DWNVzxts7wMxSguBkCxPDrLpr5ZRuZsNjcVhL9XOVK/l5PQbQrRfYdJlpbJnO82y1dr7TqJp1pa8rL1SRoN3773vxvzubPVplKnG+411s4448fjGCe0MfWi4yqykmrPXS3Iwxjm4GxlQNE6tkkw8TTFGiuJkUVEaQtTnvbW9nZggEZRRViLlhkwAGESxDYgpiGCAmwwGgCzHYY0gIYItpCugibAO4goAQBQAAAWBIBIIdkGVDAKVgsMAJSHYBoAs0PcK1hWt2hDAAAAAAAVhgAhgIKpWHYSLsVlNgsVYAiXoRctsgjQOhsGjGrVqNq/VpW8b/Q551OjztVrrnFfF/U3PLhy9uKs1TbcKc6serbyScd64OxyMRUVWcpJWzu9u18CsdCcK+IvGSTm9bNLXtHgKSrYigv1s3l/wa83TjhJhh1fpOIwtXCOKmks6uuPejobFpU6cK1aS/s7rwS1sZ+kVO9OjJfknbwa/gjFg/wD9diexTLrWTFzufD/9aOM2hWxqWZKEYu6S3+LMsdkY2UVK0VdXtfU57/Cdvb1atTlh1GbhdSvZtcjPnbd3x9Mx+WHYEc1XENr8MUvNv6Grsl3xVJv8zl8GbvR1JPF90Pmc7Zns18O/17eehZ4jPnPP/jJtRZcViF2p+aRqm9tmNsVLjmjF/L5GlZMxfL1cd/xwIYrAZdTFYtWCxQkgaHZiYAIbJIGhCuCYaMQxpAIaCw0gyeoMLkNhDYhXC6CqRViEWgEF0DJuBSkO5juwUgumSEoxknKOdImpOEnJqOVcFvJbuJJBOnvtSGJDDRDCwWAAAAgAAAAuAAAwABDsCQwgAQADJBu4AO40yRhTAm4XCGMBAOJdzGNMDJcBAVlAgGRoaG/sF2xElzpv0t9TToxhUnFSlki7/wAPU29ipRxcknmtCSv3NG55ebkv4WM219pOTrUclrNa3vpo91iOj9LPVqy9yKj5/wDBrbVtHFYnw/8AVHU2HQ/qs3fK60m7+ifob85vNf8AH/H/AOpxFf8ApDBV3vyyk/BSuvSxi2V7eCxi/aXojewOzY4SjVp5nUU2965qxz+js044mk99/S1vka+XCeyyOS/wHptoYKhi+qc5um4JpWaW/vPMVozoKUZLK4to7HSNXnhePsy+RmdtvTn+eWGqew7Qq4uN8yVkn2K/1OXhfZqYfsqR+KN3Ys1DEW3Z4NeK1+TMbwdeGKjFRbSqqV7O2W99+7cPg9meUt+GbbV4YqLWlqcXz1uzSnJ1JSk98mbW2JqeJl+pCK+L+ZqGb5duOawlJiGI5vSEUSPQodxZkLQE0AmySgsRpAJMyKIZQbShgCApDJRQZSQy9BMKkRRIaNDuToNBDbJuVYQVIDEGjVholDVgikMSKDJAMAEIYggAQBpQCuFwhgK47gNDJRQQgAYE2sFiiWAgEigo0CwwCAEgHcBNCiyt5E/Z3AUmxg3cCogaEBGh6m3sutChiISk8qs1rormskhNFnZzynXjYy7VqRrV68ovMpWV+5JG/tWaoYbDU4S321T/ACpdnN2OU0hZY9xvflxvHuYzfaOhsGtKGIcXJtTi974r+FzBUnPB4qtKm9YzfarPVpmq0iopIm2vTnXv4bm0dpzxtJwdNR8b7uWmh0q1HCbVjSm6jhli9E1xtdO/ccKxGRPgXbF4vGrrTaxOGVCtCNKfWN2ael0/AzPa20IJxlZNabrP429DRg5U9YvK1xWjKu5OTe+Tcn3sm9L0b1vuTzO7bu3q32iUimQ7GfL0yah3GRcbZFVcVxIYQxAMBlRFYaKiiGU2SEITQN2J1I0pMq5jVyr2Aq4mK4MIliHcN4ahpaBYasK4DEwB3AmwJFXQIKSSGkMYQgHYQDEwAIQMGCQE3GmDQg0pACBgJjQAAxiAIBkoYDZJQmESkUgAKYAgCENCuMAuDEDChDJTKAkYDCBDSGojsVENCyltCAnKOwNiuRQIYmA0AIAAhliaCoGOwrBQh2sNAwguNElIIq4XJE5FPKmwuTcQNBiuMTsRo1IvQxxVy0gg0QXHoGgZRYChNBokCErAFVEZCY7sIq1gQky0ghJFBYLhASDYAIVyrEhTEmUS0AxAhMKYAK4UMEFxXAoZKKQAhoQ0GV0qVSq3li55SbWvfnYqjXqUXeMnB9nzFOUp3b1vqa+HPv1X6JokYXMuhBcAAAC4AIGDBhSQ7kooNP/Z\" />2222</p>\n<p>3333333333333333333</p>\n<p><a href=\"http://www.baidu.com\" target=\"_blank\" rel=\"noopener\">百度一下</a></p>', '2020-05-29 22:44:41', '2021-06-19 03:16:35');
INSERT INTO `edu_course_description` VALUES ('1266668643049689089', '<p>jsjsjsjjsjjsjsjjs很厉害</p>', '2020-05-30 17:51:52', '2020-05-30 17:51:52');
INSERT INTO `edu_course_description` VALUES ('1267008114316259329', '<p>333333333333333<img class=\"wscnph\" src=\"data:image/jpeg;base64,/9j/2wBDAA0JCgsKEQ0XFRcdDhsPEyAVJyUlJyccHi8gLikxMC4pLSwzOko+MzZGNywtQFdBRkxOUlNSMj5aYVpQYEpRUk//2wBDAQ4dHScREyYrKyZPNS01T09PT09PT09PT09PT09PT09PT09PT09PT09PT09PT09PT09PT09PT09PT09PT09PT0//wAARCAPAAhwDASIAAhEBAxEB/8QAGwAAAwADAQEAAAAAAAAAAAAAAAECAwQFBgf/xABIEAACAQIDBAcFBAYJBAIDAQAAAQIDEQQSIQUxQVEGE2FxgZGhIlKxwdEUIzJCFmJyguHwFSQzNENTc5LxB2OiskRUJTXCg//EABoBAQEBAQEBAQAAAAAAAAAAAAABAgMEBQb/xAAoEQEBAAIBAwQCAgMBAQAAAAAAAQIRAxIhMRMyQVEiYQRCIzNxFIH/2gAMAwEAAhEDEQA/APctAkLQpWOjZlCQIgpIBIbIEkMASQBYLDsgsArDSCyHogAQwAEMQwAYhkQAABAAAAAAAOwMaEwPH9JX/Wn/AKUfmce7Ov0mf9ba/wC1D5nHue/D2vqYeyLTPXbAoUqmEpNxjK8patJv8TPHX3ntejX9yw/fL/2ZnP2scvtbv2LCS30oS/dX0J/o7A3/ALGm/wB1fQ2kM8e3z91pf0XgH/gU3+7ExvY2zW/7CHlY6FgG6brDh8PRw0VGnFQSvot1zMAyJvZM5+3v7ni/2PmdE5vSH+5Yrtil6os90XH3R4ZPeNMlPeCZ9J9qO70U/vU+yi/ij1x5Honria3ZRt6o9eeLP3Pm8v8AsYMdpQr9lOT9GfPYWyruPfbU0w2L7KMvgz5+nZHTj77deH5NM6/Rr+90+yMvgcg7HRj+9x/05P4HXL216s/ZXskUSijwPjkzkdJn/VJ9tSK9TrnE6Vu2F76sV8TU90bx98eT3oERfQInvfYdjo1/e12U5P4fU9ijx/RbXFS7KMvij2KPJn7nzeX3mAAcXmeP6VP+sxXKivizjR7D023NkYvG188MrWRR1dnpfs7Tm/o/tNflj/uR68bJj5fTwymOHlzrsyKTRu/0HtPS1PN+9H6i/oXaav8AdN+MfqdNz7derG/LUzyFJtm09l7RW+jL/wAX8zTqqdGTjOLhJcGXyksyvlLYN7+4V9QluYdPD32zY5MPhlypRXobJjoRywgvdil6GQ8F8vjXvVASBGXOU6ZaqQMmeoCqTNtJU48xqceZSnMFOREFwuFxoikOwArgO6C6HdhdgTddgXRV2K7AAAAABgAAIZEMAAAAACAAGAAPQNAPE9KX/W5f6UPmce52OlT/AK5P/Sh8zitn0cPZH0ML+MUmtT3PRn+44f8Ae/8AZng+fce76M/3HDfvf+zMcntY5LvF1kMEB4niAABAAAABy+kv9xxXdH/2R1DkdJ9MBie1wX/kjWPui4+6PDxe8cXvIXEEz6b60vZ6Poj/AG+I7KXzPXHkehy++xX+nHnzZ66x4M/e+dyd82ntfTCYx/8AYl8D5/wPe7etHBY1rT7pngL6Hbi8V14uzJFcfDedrotri32UpfGJwrrRcNH2nc6IL+s1X/2X/wCyOuXsr0Z38K9kMlLvKSPnPmEcDpc7Yaj21l8Gd/Q850xf3OHXOq36M3j7o6Ye+PLt6CiyG3YI35n0n09vQdEtcRXfKkl6nr0eT6HJupinyhFebf0PWI8GfvfO5PeYABxcSAYAIVihAK2h4fpBO+NxHY4r0R7jmeA23PNjcZxtUt5JI9HH3yeni97Wci43nlXOSXqYE0Z8Ms1WglxqxXqj13tHvt1K+jxVhkjPmvjmAAQaKstza79xV5cbeBOVc2NRtxZpo00MSuUQAABADEADTKRI0EMAAAAAKoAACAAAgAAAikAgAEMQwAAAI8P0s/vs1/2ofM4rOx0t/vs/9KHzOLc+ph7I9eN/GKue86Mf3DC90v8A2Z4H1Pf9GP7hhP2X/wCzOXL7Eyu46yAEB4HmAAADAQwA4vSp2wNf9acF6o7Rwul+mBnw+9h8TWPuiztXiUxxZMWCPrPbMnqehi9vGdkYL1kerPK9CN+Ov/2//wCj1R83P315cu+Tm9I3/Ucb207ebR4A+ibXpKrh6seE7L1R5Ta2DpYaCypb7HXjuo1hdOMmei6H36/EdlJfE83m3npehavVxb5U4L1f0O+fsdcrvF69DEM+a8ZHmOmkrQwnbOXwPTnk+m71wK/1H8Dph746Y9so803oCkiHJMEz6mnt29V0L343sVP/APo9SeZ6Ex9jFv8AXivR/U9OfNz99ePLvkYABxcwAAAAABEs+b7RlnxWLfOtL4tH0nl3ny+vLNVrvnVk/Vnp4u+Tvh5NOzNzZkc+JwiX+dF+TuaF0dLYMc2Mwa5VG/KLZ7Mu2Neq38a+ggAHynzwAABqZkgzXIUYlJJcCtmAAVDASKMguILAENMdyQAtMCUUmAwEMAAACAAAAAAAYCGgAYAAAAAeD6XP+vS/0ofBnEzHX6Yv+vz/ANOHwZxLn1uP2RvemVM9FsvpP9goUqTo9Z1aavmtfW+63aeYvqVmNZYzOdze3sV0yhxw7X7yfyK/TKhxoTXijxma5N7HL0sWez236Y4XjRn5p/MuHTDA8aVRf7X8zw+YWbkT0odn1TAYunjqNOrBNKom0nv3ta+RsnK6Mr/8fg/9N/8AszqI+de2SA4PTKVsF31o/M7x5zpxLLg6Wts2IivRmsffFeMg0WmjXjIpSPsadJXf6O7Yw+y3iesjKfXONstuF992uZ3f0s2b7tRfur6ng8w1I8945lds3u9dtrpDg8ZhalOlnUpNWurbpJvW/I87WxNSrFKTvY03IHK5vHCYE7LvvPUdB1rjexU16yPJX3nrugi0x733lTXo/qZ5O3G1buPXDJGfLcgeP6cStUwS5Rm/VHsDxPTmf9Zwq5UW/N/wO3H/ALIs7V569wTRCbC9j6zrt7XoTH7jEvnXt5JfU9Kec6ExthKj96vJ+iR6M+Rn/srlbumIYjkgA8JtTpJtOjicVCFTJGnUcEssXufajEulO1/8yL/dR3nHcoun0ADwX6V7U503+7/Eyw6XbS4qk/3X9S+nkae4nZJ9iufKlJtvtbfqd+XS3HyTWWlqrbnf4nnXaLa3ZdD0ceNwt23OzIjr9GI5sfh/1VN+jXzOJmO70PTljV+rRm/VL5nbPthXW3s94AIaPkvMQDYgNFtrc7gpImN+Fi7SK6BNMpojXkCCGi0QNXIitAEmhgIAYIIaKEAUwAAhoZIwhgAAAAAAMQAMAAChCGBx9o9HcBtKrKpUzqTSjpKyst3A1H0O2Z71VfvL6HowOkysnkea/QvZ/wDmVV4x+gv0LwP+bWX+x/I9MBrry+x5eXQvDa2r1V3qP0I/Qqj/APYn/tierAvqZfaPJPoRF7sTJfuJ/Mx/oPLhir//AOf8T2IWHqZfY1dm4P7Bh6FLNn6qNr2tfV8DcsIZx81QcfpJsqttahCFOUabhVU/avayTVtO87AmJdUeCfQ3ai3TpPxl9BfoftW/4qT/AHpfQ98B6fVyiPAPoltf/tP95/QX6Kba92m/3/4H0AC+rkPnj6L7aX+HF/vol9Gdtq9qKl+/D6n0UB6uX6Hzd9HNtrfQb7pQfzPT9EMBi8DTxSrQdFzqJpOz0S7Gz0IzGXJc8dKBiGecI8R00w+Jq4ui4Up1VGgo3jFyV7vke3A3jejLaPk8sPioXvSqR/cl9CHTrRTvCa74tfI+tgev1v0OD0Ni44GN1bNUm9dHvO8hDR47erK0MQxGVfJ9pVM+Kxjvvr1Hv7WQmfT6mzNnzbcqFKTb1bgm/gQ9i7Jl/wDHpf7F9D3zlmMnYfM7jPpH9AbH/wDr0/In9HtjP/48Ph8zfrT6o+eQkotXWaz9B1qkalsscqUVHe3d89fge/fRnYr30EvGS+ZP6L7F/wAn/wAp/Uerj+x88uel6ERviq792hbza+h3P0U2K91Jx7pz+ptbM2Lgtluo6SadRJO7ctF3mMuSZ4WK6SGJDPAgNLGVerlFfq39Wbp5bpNtCOFxFOPOkn/5SKOm6duGYpX4qxSqyW+I4ypy4PxuV0EbriUmx25CWhBQ0TcYQxiQwhoAAiBDEAVQCGAxDQBBcLgABcLgICgEMIAAAGMQwAAABgAAAxDATBAxoAAAAQAAQAAAAABAwACqAAAAAAAAACAAAKAAEEMQxBQNCGgAAABWCwwCAAAKYAACPC9M8FtLFYyLpUp1IxoxjdJ2vdv5nuxFnYc+NdNb0WpxfP0MSS4LL2jS119rxfwK6smj3BuJUEt2hXtcTKDfuGrreOz4DV+IQAILhFAILBDGJIYUAGoAMZJSAAAAgAAAYAAAAABQCAIAAAGNCABgAAAAAAAAAAwAAQAADAAAAAAAAAAAAAAAAgAACgAABgIAAAABgAAIAAAGIYDAQAMBABz/ALJFfnn5r6AsPTX55+a+hlTaHmT3xK6MPVR5zfil8ENUYLjNeK+hm9l9grERCpwXGfmvoPq4vjLzX0KsJKwBCCXFy8V9B2V+Nn3fQA3gDS7V4iyLnLzX0KAISS5v0+g8q5y9PoAwFp2jEMAGhDQDAACAAABgAAAAADAQAMAAIYAAAMQAMAAAAAAABAAAAMBgIAGAgAYAAAAAAAAAAAAAAAAAAAAAAAAAAAAAAxDAAAAAAADU6u252D2lv1EpS4plKXYw0E0Abx2YQgGAAADCkAwAQwAAQ7DABDQAEAAAAAAADEADAAAAQAAxiGAAABAAAAAAAAAADAAAAAAGAgAAGAAAAAAAAAAAAAAAAAAAAAAAAAAAAAAAAAAAAAAMBABr3S43HmJtYYU9QCwBQABYAAAABiGAAAAAxDQAAAEFgsMAFYLDEAAIYDAQwAAAIYCGAwAAAAAAAAAAAAGAAAAAAADAAAQAMAAAAAAAAAAAAAAAAAAAAAAAAAAAAAAAAAAAAAAAMVgsABorAMVwDUdiLt24a25lgFhWKAImw7FCCiwigCJsOw7BYKVgHYdgiRFWCwCFYuwZQIsKxeUMoE2GPKFgEBSQ7BE2Cw7MNQAAABAMAAAAAAAAEMLDAVhiGgAAGAgHYLAIBgAgGIAEMdgEAAAAAAADABAMLAIRVgsAgGACAYAIB2CwCAdgsBqOtTJ6+L3a+oKlTjuj56mRacEg0n2nwLSkNO4PQAytjSdt3wEs3vWBKOut2A7jJuAFAJAAwEMBgIAKGQFwLAm4XAoCLjuBQE3HcIYCuFwGhk5guEVcRIAO4XJACrjMbkkm37Kir8lY5WN6T7FwVlPEQk3raLc342vYDsXA4C6YbBaT65u/6s/odPBbSwW0EnRqxq6Xsnr4x3ryA3bIQszBNAUwJbC4FXGmQOIFjJGAwAAALBdDugFYLDuh3QHkOlvSKpgZfZ6DUZ5bylvavuS5PjfgeOW1MepZuvq5k9+d39WbuNlSxjnUlJOc6rm9Jaq+7y08DBKhhYOLzxkuO/sOsnZr4ex6I7fq7T62lWtKpSipKW5uN7O/arrzPTnzTZlajs3FYatGSlGDallvezVnv38Ge9pY7D4+nWjQqRqScG7LRq+mqe4xUZ1jMPmy597tezy35Zt1+y5nSOfDCVFUd/7N3WVN2tayWW9kuOivdG7QUo06alrKMIp99tTKMlgsFwuAWCwXC4BYLBcdwFYLDuFwFYLDuFwFYLDABWCwxgaOvEpCkqb/ACp+CZUYx91eSDRitIfscl5IXscl5ICbIdkFoe6vJDWXkgFYdh2XILIBWGkFh2ALAOwAIAAIAAAAAAAKEMBAMQQAIAAAABiAAA1sbjKGApTq1ZZIwXjfklxZsbz5v0t2zSxteSvmp4duEUuLT1fnp4F8jBtzpDjdtSahmoUUsuS9r83K1r9xyIYPq7tpctNEYntGzeSNk3px05m1HalZ/ih1l3fSy9TfhO9YFScdPEUYzpSUotwlGSd03F370bEJxr57Qle2r7dNPiWqFZuzTWZqOq0vy9SbhqvQ9GultejKlRxUutpydlUf4ovgm/zK/HernvL8eZ8gqYaUI1oSX5Xpu4Htegm05YrD1aMnmeGytc8r4dqT+JFesASAyGVEkqIFAAAFwuAAAXFYLAO4xGLE1epp1ZK3sq6vor8L+IHyCd4ymm/wyafg2isLSrYuWWlB15copyfe7bl3nqsL0cnUxVStGMakXUVS0lZJtqTWW9nZStd31R3sbKnh6s5Kg5OMcl4KClZ7mmnfdfkddtPEro1t2S0w0lf9aCfjqdXong8VszaMViISw/W0ZxV7NNpxdlZvhdnrcPXVLD0JNSWb3s2bi9b3d9N2pobIqUMXXhWgvadOpGUpfjburJX1sva3JLQzvaO8IBmEACABgIAGAgAq4CAAAAAYCAIYGjtLaMNnqneLn1je5pbrfU0P0kpf5UvNGd6dscMs52jqKKQNojM2Uk2aYNMYKNhgAwAAAAAAAAhgAgoAAAAAAGIoQCGIAGIACAQwAAAAgEAmAlvPhNRzq1JaWvN6eO4+6reu8+VLZsKOKx6lr1WIkl4ybXoyy6jcm618Ls6CtfXS53MBs+no8t+V91ycLDDxd6klTXKzbsdjB7U2cnaE4y8Gn6nC217JJJ4Z8Ds2jDM2lK/x4s3atKnJwTivu2pbuPMxR2nhoO91Z+RUdtbLc396m0tyT+O457TWvhyNvbI+0ZZQ9jIrvu1bXjoaPQqjPA7SqwbdqmGlblpKLPWTdGrHNF51LQ52zMIobSbjup4eT8ZNJL0OuNcspuPTIYojOrzmNEopAWAgCC4XEADAAAUpKKbbUVFavcrczwW19qYjpDisNQoScKbqpLhms7ub7FZ2Ru9Ntsyi3hacsuilUa0dnqo+K1fgee2FtfC7GWIq5HWrWyQX+GoNJtt33t+iRuTsPf0KUoVKjnVdVVakoR9lK1mm1ddi00W5nRqUqVRPNFS4a66HK2Vg54CdeTqqdGrPNBNWUZNu6vbVW3O/ErbOIryaw+HaVabT1TaUXdN8t3PTxMjJRxtPGYfPFJKFRJK6lopZU9N11fQ4PTKE8BHCTw0epdCbqOa3xTsktXqm3r3GLEVukMIY1qVNLBxadlKDbivxJxVm+x2XZxO5gsm3qFWc1enisPGl42bk/Bu3gXwDo3t6ntqk72hVpJKUfhJdj9DsnyShUxewcY+NTCVHF8pR5dzR9TwOKo4+jSq03eNWKkvmn2p6CjYQAkBkAAAAAAAwEMAAAAAAAjzfSl/eYZe7CT82voaGB2bPGQclLKlJxNrpNK+JgvdpL1b+gtl7UoYOioNNvM3pa2r7zlfc+zhvH+PNPSLKt7GnDvIVuCHbwOr5KnJCJ0KSABiGACGADEAgGAhgAAAAAAAIYhgIaEMBAAAAAAAACIgYgYgpHhNpvD1sbi50pdYq0It6NRzx0dnx0SPcyWZST/MmvM+c4aLw9SdF74Zo9t0/omZvh345u7KdWtGUXCMVl4vXXsQRW0MTkclCrKWnsRa7r6Wfab2DpUak0pPKdWvTp4KneEvx2V3ut8kcdvX4YZ7Hz4CEqd51E8zV796Rxtn19o05xy1qdCMnZpxcm+7T5nsNnY7BKjSUakfaemtrt8hPBYaFR1YrI5avvIxvzK19mYbFwjJ1Iwp5t+W6i+2z1XcZsDXw2HxFWMpWniamWK/VitL8tbmw8ZCzV9yNbAYCdOvOdSMb9ZKcXvaTVrX8izy53vK7SGiSkeh5DHElFIqKAACAAsAQzT2rj4bMw9WtLXq46LdeT0S8WbtjynSnAYna9GM6adXJXjCEVutdxcnw1fHgl2lHkMFhcTtnFRg5XniZuUpclvb8Fu8DY6U4WlhcdXhBWjGFNJdmVLTyPbdGtgw2NTbm1OrW3yW5L3Vfgt9+JyunmypVIwxUPa6qPVzX6t21Lwbs+x9hvfdpv9E9oUsfhI0pvPKEcjTabaSSdlvtufiZ8NFbKeMdSUqsn94p6ZnTWiV3yej77nznCYurg5KdKWWSWj+f882epq9KsLjoZKuak8j9pKzu1bK1Zqzu9ezciaNN6W2v6Qp0tUnCrKFSmneTg7xSa4tu27ceOhjsfhOqhGpKi8FmpezKyvnbd+eumumhuQ2pVgsOozm69G9L8KfsbmpRTd8ujTW/XkczB4KtjKkKNL7yU3lTV7W958lbXU0OttmOJ2lhcJjakEpSUoSlHSLim0nJPc7rS173O7/08rznRxtNvSjOMkuV0728UekpbNw0MNDDOKnTjTVO3Bq2r776mnsPZeG2Q69OmsrnaV7t5oq6Ts+KvrbjbmZ32R1wADABiGACGACHYQwAAABoQJhcDyHSB58VVXuxivS/zLwuxK+Jp05qooqavbLf5npKuBwteWaVOM2+Lir+ZmhCNOKSSilokYuO693rdHHJPhrrN/Og7cwsUjbxiyGK4AMAEAwEMAAAABgAAAAAAAAADEAAAAAAAAAABIABAhDJAR57auwoVKlSvTahJ3lJWum0t6fBs7WKr9RBvffRd5rUsdCpBN6Wumu4l8N43prx97buJeNxkZ0IU07u+r3K1tF6kVo9TOcfdk7d3D0saM8PQqSblHM73W9P0PO+l7sY3tk4bZ8mlWnGMYNNRuotvf4I9f1mFxUbQklpwafwPOYbYlKylVpVKkbe+7eSdzco4PCYT2sPTdJtW3uz82RjL8qyUMPN4iEd95X5rTXXs0PSJt77O3kebw+0YUasZSTeW6dt991z0FGvSxEVKDUk/wCdTpi4ckva67MyKRCGmd3kWNEjQFDQhoMmDAGEYq0ZShOMXZzVr8k9G/BGSMY00kllUUopcLLgMYGGrJqVC1tZuL56p2t4pGRq91v0tzRixUZypyy6yjaS74u6Xja3iXRanCL351m89Sq8ftzoV1knUwbjTvdum9I3/VfDueh5qew9sxeWWFq3fs6K681ofVxVM1o2dvaj26Xs0a2rwm09l7TwuBw1dwjRrYW2dws5OnFLK5c2mldbtD0PRzD4HDYSnXh7Tr045pWs9LJJbrJW+Z25RjJSTSkmrWeqtxTRr4fCqnRlS0UbzSS3ZXJtK3YnbwGzbNUzKdJrddxa4aq6fmreJGJpykoSj+KlK64X5xfY162JpTdWlTbV3GSTW+0k7Pd4myYQK/cAAADAAAAADSltbZsHKMsRSi4NppzimmuD1OQ+leG/pCOHTp9Vl1q5llvlbsnu32R57Zeztn7R2ttaFdKUIVKskruCbzpcGu0MFsnZOI2zi6FlLD0qWZLM8t7R0zXu9ZPib0PeUsfgq7UYVqdRvclKLfkmYdsbWw2x6dOdVSkqk8iypN3s3xa5Hj8Ds3CUtvxpUFlp4ZKpvctVG+jd+Mkdbp9FVcPgIb+txkY+DTT+JnXcbFPphsqovZVWfdBv4MqXS7ZcE3KNaCXODS+J5zpHjpYR11RxWIjKFTIopdXRik9ya5LcbGy8TRxMMbbEYrEdRhakpQqpZPw2tvevFGtK9fsraWG2rTdSlfLGbg7qzukn80bZwuhFFU9l4V21qZpvza+CR3jCNW4XDMgzINGkNMnMGYChoSYIBgAAMAAAANAAAAAAAAAAAAAAAAQxEQAABUgNiATMVarCjFyk7JK46lRQWp5bbG0J4yTitIU35vmzNsjUxuSdo7VniJvLolouVvmznxxFSmnrq2auIxmHw9884w7L6+S1NLA4z+ka1SManUQpxUtylKSvZ79Fw4cTnd5f8emaw/66OJqZ0+dzXo1502nZO3iZq0oRtFa9u9+JicTHh6pOzbw22K1CXs37ruxs1dsYvEPcqatbmzm0IavuNunSvbjd2Xe9DLv0xnlTlBUtH7VNO/C77TbwqlQd4txb5XXnzPQ4CEI5IaNKCjz4afM43TSFHZ9PDSo/cVJ1GtNzik73W7e48DUlrz3lk7WdnRwO1Y1Go1bQe5P8r7+TOmj5rT25Uikp01Ua4p5X5WaOvs/pbQoPLUjNw5qza+bR3m/l5M5jZuV7RMqHE1cLicPjIRnSmq0ZK91r5rh4m3TNvMtFCC4ZDEAAMAAoFNNyt+VowYR2jUitOqqSh4Xuv/FozaGj/SDjWnHqamTLfMoSftJ2aatrpazQG+RVj1sJRva639vA18Fi54nPmpyo2k7KSaeXcm29LvfZcB7TxTwNGdRLO1KKS1tdyS4JvjwQG2+wR5r9J6tqUVQ62pKEajjFt2p31ekeC4Xep29mY6O0aMakVlUrpb3pz1S9UBndPV2Ss2pctU076c/kVTjkVn7Wrfm2/mVYCAAAABiAABAAHlf0G2fOdSVSrVqZ5ylvilq7vg2cTZHRrBY7H7UoSc1TwTUY2aTu3xduxn0VGtg9n4bB1MTOnHLLEzzyd2238lqy7HM2R0Xwex6/W051JvI4JSs1Z2vuS5HL6c4qFHEbGjJ2VKt18uPsppXt5nsTWxOz8Fi5RlVpQrSgtHKKbt4l+VeA2ntCjtSLjX2mnDPmUY0XZNbtdG7GOG0aVCltBRx32z7XTksvVuMnNpRTba0SXbwPoqwWEgrKlCP7qS+BjrbL2dXVp0Kc++K+hdjl7LxT2dsXDVVDrepw6nlvv1119TymI2tt7a85VaTnCKeVKnFyivHnqfR6dOnShGEUoxjFRS4WWlrFQiqaSilBLgrJGUauqDeLq6XuoMsF+VEaVluVlJUY+6ilGL4IBpDSElHkP2eQAMWgKwDDUNAAADQAAAAAAAAAAAAAAAAAACWM0sVj6eH0S6yV9ye7tb4GbdRqS5Xs27ruNevXSVoyXx9Tkyx2IrNrt0XBeJsRbk430v8AzocLl9O/R0+XnNt9I6tCeJoUoZZQ9lylrvV7qPc99zwOKxWIqyfWSc3xT3eC3LwPedN8CqUqNWOqno+Oui+j8zxuIoqonbel6HfCTTz5WytBSXKxkwuIlhakJx/K/NcUYWmm+Ars9Ouzlvu9Q6qxFPNHTOsy534epnw9VVIp7m1c0tlfeYaH6jkvW6+KOdiMZi8DVqRjLSMmrNJ6PVdu48Wt5afayy6eHGvSUpxvbdY7exsO68nUteNN2XK/F+B8+htbF1JL2YXXY93mdzZu3dqy6mipqnCUlG0YxW963ere98RcLI885eu6e8p1o0OpnJ5VCGeW96Wu2eO6R7Xe1sRnStCnHJFcbb7vtb+R3tsbSy4TEr2WnTcFpz0+Z4WbbZMJuufLOmbq51Fw4mCberLktxik7XPY8LvdEsPPG46hGDdO33kmtHlVrrTm7LxPqCTW/Q+ff9NXCOKxst2WjGPnLX4I+gucZs42/k6KAQIoYDsIAYXsK4nJIC0cups+rVlJyWHk5O7fVyb88xvZ2Cb7zO10jB4eWGzJ9XFNfli4u/i2Tj8MsfTVPNkXWwm2rp2TTtdbnpvNi90STZp5yfRCk5uUZxoNxktIupv43k9H2pJ67zvbOwscFRjTUYQy6eyml3u+t+bbZlGpF6tjJcaJUkO5WTAAKgAAAYgABiAYAAAAAAAAAAGnYaQ7AiOhpIokAhjEMBgId0EMAAAAAAAEmnu1s7c9QAYAAAAAEAialSnSi3J5UjUntHDrc83ml6kt01Ja3b+Br1cRbSOtnv4eBrSrddZ3un5AebLP6dZjopuUr3bfizWdCkr+zvNh3J5nDdr0T8WGMYx4W+Bp4nEulVhyjG/i7/wN9nAxss1Wv2Sa8tPkXHy37j6SYqOLwjjvazS9GeIUt3aemxGsJ8sr+B5JSbi37tme/jeXlnTplqUYVN63cTQq0nSbvrc6EJ3t2kypxqLXgz0vI3ejknP7RT5xUl8H8jB0io2rU5r/ABqafitLeTRk2HSVLE0by0m3F89d3qkdzb2AUMMpZbdVUzKWjvF6O7XevI8tvTyPq4/5P42vmPI0qeRLmdno/h518VT0u6cXU8lZerObonwR6Lovh1JYuej9mNPxb/4OuV/B4+Kb5f8Aja6R1UsPh1ZQdaSk7brK7v8AA85ozt9K6t8RCC3Uqa83/wALzOHHWxzwnZ05rvKRZr1N/ibPHwMNSOp3eJ2+hVRwr4prjST8pfxPoGFrtLM9yV/A+d9DHati/wDRS85fwZ77CNSi1waseTLtm9mM3xupTqwqRjKLupK6fYWmee2DjYpqk3+LWPfxXz8zvm5dxjLG8eWl3FmIA05pxGKoYaN5yUU3bW+81P6SwsvzrXsZwts4t4is0vw0tF38WatOo1Y45ZafSw4erCW16iOOwvvr+fAaxuGX516nBhJNGWFuJy6lvFJ8u5HG4eVlnWpl66l7yOPSjTTT5Gxe5OtwuGnQ62n7yDraXvI0VJWCUlqTr/THQ3PtNC/41p2mSliaFV2jKMmtdGrnDftPTW7HGlVi4taOLOkzbvHNeXobrgw0NehV62KdrPc12mY9Eu48VmqsZAFRYEABVwJuAFgTcdwHcCbjuBVwJuMDXFdE6jSRG1JoAVitAFqMSGEAyRoBiuA79gEucd17ce0FVjz+JztsQxcIqpRpfaJLRxUlF24NNq2nI51PbypJLFUK2D7ZRcoeaOVtnw3rcbGKrYjZ9WTjTk6Utc0LTavvUo77J8Vc3sFtCnXim5Kalua0Xc1wNShtDCY1fdVIVe5pvy3irUo1Ndxx6tV11uOsqsH+ZeaF11L34+a+pxuoml7MjNkg1qb606P26nXU/ej5owy2hQTe+VuKWnq0c2VNx3ajUHx0J1nRPsY2s603q7JKy3cNWa+vAzOl2jjRXHgcrep6JrGMlLSKMimktXY162Kw+HjeclSS4tqK9Tn4zbmyYU39/B3s7K8n5Izrfwx5rrZoy3NGnitrbNwblGpWjCUd63vyRw6L2j0gdWOFy0aKkoOo7qW67SW89Hs3o7svZ0LKmq0m7uU0pSb567vA7Tj+y2Y/Lj1elOzI/g6yvb3YP52NOdTrM0v8xuXm7/M9RtWpDDUJKKUesahoku1+iPKSe830zGN4flWtiWlTq/syfozymG9tTX6qZ6qtqpJ/mVjyOEn1dS3P2TtxufNO0bNJaLsZltY1oVMsmuTsZFPceh4GanUdJprRxaa71qevxFNV4TjJ362m13XWnlc8ZdWl2nr87lTw0no5UKbfB3tZ+qZ5uSeK+r/Gu7Y8a1lbT9lp2fet6PV9H31NGi/ek6nJXvZeiRqYuMYVJySTztPdru/5OhRb0SWbklq+5JEyu8Y3xYdPLn9RqbV2ZVttDE1m4RVo01xlJ2Sfd/PA4MTvdIa2Pp0fs9XXqasaluKSTWjtqvaXkebU2jtj2xfNzvVm2sxjm7+BGe6IVVXszo5O70SupYvtUPjL6ntMHUso954/onC8cU/14x8LN/M9bhY2Wp4s/e+hh/rc6GEquSb9izvfjc9TgsSqsdfxJWf1R5epjZ1Fp7KfmYI1J3Tu7p7zEuq9+XHebHv209uYcTVVGnUl7q9dy+JrbJxn2ums2koaPt5PxMe3ZZKEUvzzS8tfkd99nypjrkkrg4mmlJ2WjRhjc2oax5h1cDyvuy9M0wxk0ZYVpLgJ0osWXK+ZFuq3aVRm1Tnc5kJmWE2nvJ5ea47dCUYyd990VGlT5X9TTVaS3F/aas04t6PkTTh01tdbShyE8RTvxNVNMJS1Jo6W7h8YqdSC4TeV9/D1+J1loeYrO8ZLc2vXgehwdZYmjQqL/Epqfmj1YeHk5MemyswAB3eQAAAAxAQMBAAxiGQNAIaKMACANGMQAAxAAD1AAGFwsFogYauJoUfxSyvlvfkjXqbQi08ivpxTfocnas9pYeq44fB/alP2s7mkrvfpw17TQ+zdIayqddiYYFySShCKm0uOq1T8Tld12knZ0o4elnhU6mClH2rqEU14pG7G0lfd8Tgx2Fh6luvxFfF2tpKTUfJfU7UZU4pKOiilFdy0PNfLrYzZuwmU4cdDDKvBXs03u4bzX1bfaYJNtvrafMcGpbtTTNLa+Mng6WWnrWxDVOC43el/D42NSbrXToVekCnUqUsLQqY6cG4uytBPdq/+C44PpXjN8qWz0+Xtzt6/FHa2Hs1bJwlCk9ZRjeTXGT1bvx5eB0D1zGR57k83h+iGEc3UxVSe0Zv3rxj5J/Ox1obI2ZSaccPSi1onkV/gbwHTwxuptFbrIlspsgI4e36mtOPKLl4t6fA883vOrtSsq1Wo1uvZdy0OLKXjqc8nv45qIrNHi6rcak/238T2NZqx5DFxcatRfrM3x+WebvhGetbrG+EoqXmRGTPQdF+jGJ6QKq1UjQVFRV2nJtO7Vkny7T1VH/pxs+il1uJnLVLRRgtdEtbnp3HzHj+i+zHtjG4ek/wKTqz/AGI2uvFtLxOy68MTicWqf4JzbguCSetuSd7ntNh9GNlbFq1JUXOU3TyNyld5W+xJb0au0th7GwlDETo01TnSjmveTej7X2WOGX5R6uLL0+WV5ahVq0qlCpGSh1Unv1bbTVku6/cb3R9JYqhpdQUpej+prVMizxioys8ybteztK+vkei6LUVKrVqZUvu4xuue+3lZnmnex9rOzj4879uJ0k2vQ2zPq4UHPq1pNXz9tktGuxnmv0f2zJtLDVZbnfK0mu99lj6/WxLpNrS+dK2u5tK77VdGXB4iOJhFrfZN+Kv8z1y6fnvh8MrUK+HcoThKlKO9STi+zRmrN37LHuP+pGHjQx2FqRVlXoNS7WnZejXkeJrxUZWXF3N+R6noh+DF/tx+DPU0alk+48z0Yh1dCq/8ypfySX1O/h5KcoLff4Hhz9z6WE1hGosNOS5qxNKNO++53ZxSi0lbQ4apyRy2+jhl1yt/CV3hpxkuCs1zRs7QxkMWoZU7Ru9bcTkxU49psQlu4G99nO4S57RKUYl/ala0aUY829WY501wdiHBrtJ4dNTLRqcn2DzMlRbLUCN9oS13GRRfMWiMbZE8tmnCTRs0Y66mtQqxirGdVkm7EcLvba6qnIw1KcE0R1rRiq1HVTV7By1WrtHaFDBxk75pXypb25PcrI9PsmjPDYTCQkrOnSin321XmcPoxsbCKlSxM4KpVqt1Mzu7Jt2st27ien4s9WM1Hh5Muq6+jBCA6PIYAgAAAAAAAAGIYDAQyDXGAFaAxDAAAYAAahqAAAAYsVFzp1EnJafl36cF3nkp7VrSbjQwWIqyXvRyK/a9T2QzNnU3L0vHwwPSnGb+p2fF/vy+fyMr6J0564rF1sU+S9mPlqerOZteO0LQlhoU67v7Sk8unBp7jOumdo11WuVT6O7FpNONG7i97lJvx1sdNJcrHKlT6VYi0VTo4O++V878Fr8Cl0UnXv8AaMZWxF+CahHus7nLpuV7um9fLBjtqVsTWjhsCoVqkk3Ke+MUna/Js39jdGcPgJqtWk8ZXvfM72TtbRfN+h0tm7LwWy4ZaNNU+b3yfe3qzcO2M6I53LZDQAbcgIYgqWzS2jX6ik7aOfsr5vwRunn9o1uvqStqoeyvDe/P4BvGbrnVVociWjl2NnXrI41XSU+xv4nOvoY+WOs9GeXx/wDay7z01Z6M8vjn94y4eWeX2Ppf/Sea6jaMeMasH5p/RntsW1FQvazlrfsTd/NI+d/9JKlq204e9CnLybXzPo9eMZpapZWmdr5fK8Vr0qjzQ1bvNxd7bkmvVpPxMGJpwqLExeud5eSs+Gm/8V/Eyp0KVs1RLK771w5jqVsHFVG5r23bnwStp3GdbXcxvl84cXCdeE/8K1Ltve113I9l0XjKpSqyV4qdV23apaX9LHltrwpVsViZUneOe262qST5cbnpdn7QobOw2Fg6c5OMErq1te2/xOWMtzs0+xz5yfxsb9ujiqWJqVrXVk1a67E/jE2NnwnRdSMklbLu46W+RzK3SCnSavRs3uvLXTTka76Tzt7MYQcnpmzWfitx6vTyvw+FeXHWtuR/1Rg82yZLnVh5qLXwZ8+ryWfu0PZ9NsfXx9HCZ0o9ViFu5uL+h4iu/bfbIurh5bxszx7PY7BX9Xp9t36nbwScZp+6n9PmcrYEPuafbG53cFTT619y+P8AA+bl7n2J2wjbjNS3mGrhaU93sspxydwHFqdvDTq0XSXvowdZ2XOmaWJw+TVbjcrvjd+WHP2AiLj1NO+mTQMyMevIVyGjzXECT5NlwpTlwB4Y8zXaXTqO64GaOFfOw5YZRW8JuVdSMqai3Zxluad/PkYJ1VCNR3tli35ITpSSdnxua9PZ0tq16VJz6umouckt8knay7NTU71xv4YW2vU7EioYLBL/ALEH5q5v8iYQjTUYpZVFJJdi3Irmep8O97TAECKyEADAAAAAAAIBiGAAAAa2Wr+r5v6FJS7PP+AXANHZ9g7P+WLQLIgYABQDANQAAABh7XL4CHcBa8vgFgEAWALhcAABAAhiCmhMVwYGtja3UUqkuKVl+09EeetodXbFT+ygu2b+C+ZyeYenCdmGociurVJ9tn6HXqtI4+IlmqSdrXVjnXqjUxknGL7Dy1ebqTZ6XHawl3Hltbs3hHm5b2ker/6dVMmPrLf1mGkvJxfyPeZpQqK6vmXhbXcfL+iuLqYPaGGlF2vmi77mmnp4ux9Uo11iFSsouM8ttG3q7WerPbj2j4+ctyLGYTEQjByek1uTa4bn4fAnHUZ4ClCcpJpWjbW6dr2XPcdbG/Z8XCvC+sHm7E0rWX88TgdIpQr1FBtyjKjHROzzWlZyV9VovM59dkSYdWWnI+zTm6kurqNzqSlo2tG291152fcdjCRpzhTySlGcXGM4yvuulm3LsWppxqxgt0NY21hG/le5NN0+tpyh+KUtUlKMbLRPe0+GiPNjl/kfRznXw9NvaOrtHZ+DjFyhmo9XW6p758ndLg9TFtbAUHGi6UbRqUm1xu099nvept43F08RC1OMrzqKo+OqVtLb9bGni8TUlRw94OCpXV2mk7vS112H0Md9t18PLXfX08v0kjbDQWl416bte9rpq3qeTxL17rs9h0kn1mHvls3Wp68N/M8jKHW1VDc5zUfN2Jy+Xv4PY+ibJoKlRoLlTivGyNulier3aqTv8vkatWrFpxWnDTfyR0oYeKSSStGKXkfEr787TuipjISVle752MaryXabKw0eSK+yQ5HNqXHFrrEdhcasajStvKqUaFPnciEYRkmr6F8ruWMdTZsr+y/BmNxlhbZ1a/FM3/tPYamKhKvZ8ixrG23V8CNSnLiUow5I0/s9Xgr2Mdq8b+y0addfVb9WUaabNX7ZN7kjHectGmu+4ow7A1MdTu3KdSUku4pqciqcFFIyRI426rD1TDY9Nx2g+OXCP1n/AANWe2sBF1IuT+7eVuzy35ZtxtdHMTSx2LxcoNSUKNOF1qrtye86Y+XHO/469KrFaCsB6HygMQwEAMEAwAEaDAACAAAKAAAMWVAY802L758grKGWxMVWf5l5WKyT4yCCw7BbtCyAYCHcA8A15BdiuFF5AIV2BQg1FqAxaAICgEAAxAIAE7oZLko3b0SV/BBqOFtGeetV7LR8lr63OfVrRhdLVoKtbrM1tMzcvPU1siW45XJ9DHHUEpZjSxME7PkbbMFZaM477uvhyto/2NT9lnl4xtc9NtX+wqd3zR5rRHrw8V4ebtlGxsmapYrBybso1oX7syu/I+ixVbDNOlVhVi23lbinfsa3PuPmdNe0rK7TT8j7TgdlbLx9OlVoRWSv7TTb4rv33PTMul4tbRTezqkqa6yT9m7Ts3e63WWqs3quRq7So0ac5VYNyUaaW6+671vZtatdx14bDpU2rUoWWq3rXm9fqdCjh1FfgjCS7DFsvZnp6ctx4ZV8PJJxquLu1l1b3X0bcdPDxOhsvrI1Y1OpqTUItR0erfFq3L5W5nsFSpwu1FR07jBUx2Ep5XKvTp25yivicZJjfDpcrljpxcLDH06k6kaTbnmsnokm721tyFitn7UxcFGcYQjGWZapa68r82b2I6UbDw6ebE03b3W5fC55rH/9QNnttUaVSu72u7U4279X6Hfru/DzY8X7aXS3ZlXB4SEp1IyzV4Ryq7XF732LkeTwVB1MZB+4ut+nq0dXbfSz+mafUSoRoqM+sTUm3mSaW9WejNfZNnJv8TcFHv109TGWVs3Xu48JjlJHptlUusm5W0p/F7vr5HaulxsYsDhlh6UI8Urvve8iWrfefLvevqe7JuU2nfUymjTUk00Z41mt6v6GXKxVSln4mJ0ZoyqvDuH1tPmPB3nwwKhPjoZY0Et+pkUr7rMVSrGG8eTdqoxUUrGGpStqtbinilFN2tZGGntGnpe7+JYSVir1XDRcTWdWpK+tjJLF0MalKnrxtufly7TFKPI6PXj3g6ya4sw4nFunCcpN2hFv6E4uo8PSnK2Z6RS5yeiR0NndFoPq6mKqTrTTU8qdoJp3Stxsbxm0yyx4p38un0fwsMNgsNHL+OCm7rW71dzfoYbD4dSVOEaSlq7JRu+bsZU0h6M9L4tvVaYABGDAQyhMaEMgAQAUMBDAAAAAAADHZIMyFoMoPaY0K4XAAAQUwEABcVxuxIU7hdBoK4U7i1GBAAIQU7iuABBcTQLQM+UgicurV3oc7H15SpVfyrK1bv0M85uq276XaXcauOX3NTw+KPNlluu2M7uFK6MTbRnlFmKUTL6EYZSZiqdplkmROjUlui2abcbbEsuHqr3ml63+R5o9B0gbjSgt2afwT+pwacXJ23Hsw9r5nLfzVTVrvkbmA2jjsC31NWph76+zJpeRgtfTkhqFkjr5ed3afSPa1dNPFVotfryRWE27tbC1c6rSqvK17bdSNu1M4MfZknxWj+psOTtv3jTOnc2j0nx+MpqMpRgkrPIsjkuTs9UcbrHO7tlMai2DTegVebNpwQPQIQsVbd2BpqYv7urGS42fij0vRGjGeKqRen3PXR/3JfP0OBjaeeN/d1O90NqpVoy3tUZQ83F/JnPP2VvDtm9xGjzkx5aFO3/JH2qVpJRjG6tfiYXqfMe+S39NxVqfOwpV6aXvGnZAXTfSq97gXCi32F9R2hrca063U97ME8ZUm76G+8PCS11F9iw7/LbzQWXGfDm1Ks6lr6majhW9ZO3YbiwVCGuqsPTgGur6PCYDC4vDUYyVnRvBSTtNNNrR/I1K+x9q0m+qqU66/XTjLzjozf2RUvPHRS/DUjLzimzqWseyd8Xz7lcMrqvN7P2Fj516VXFzhag80YQva/BtvkeluxDNeHG5XO9zuUmQNGnNbEAgihkjAAQmCIKEY5V6MLptL4+SI+1x5P0M7kXTYAiNWDdrp3LLLtPBjJGihgAAYbhcLiKKAV0FwHcVxBcKq4riuK4FCbALBSGkArgMNBXAimSxgAg58DFUrxjdL2mu34mtOU6j11+ByuXS1rbLUxEVpHX4GvOpOe939EKTUN5i6zkjzXK5O0xZ4qyRjxMc9Oouav5akqu7bjDiMRKMKj5RfwObUxu3Ml5GKbRhlUkyE2zq9Ux0yuSMc5doOLMNRMrenF6TK8MO99pteaX0OHD2V2s7e3/7Kn2VPkzhRvdaXPdh7Xy+X/Y2KSS8S3uIjlfZcrJ2nVxDLjouZHYVTeVgXnTGrLtHkXgwUHuAuMrkt2DLbsHYiq4bs10bPR/+rYujb8Mppc9+nzNVNLjYulVyThJK2SSl5O5L3xrWPbOPotJOT11SNnqqbXIxRqKTlbmVmlFHy6+ld1XUQ7THKMIN6t2Gq0+xE21b5kWbN1Zdwsz4MhSQ7xfYGtM9OrvuS5SdzGt+82KVO28eGbJGKUpW3mKUFPjY3hSlCPaRmX9NfYbaxG0IvXKqT8XFnbONsW0q+1GtPvIR8oL6nYR7sfbHjz99MBiNOQGgQBFICUyioBiAIZxttYqScKcXa/tO2mnL5nWnJRTb0UdTzk6qrznKX53fw3JeSRjK6j08ePVk2MNUVrG3F3Oamkhu8lx+B5HtuO66Vjdw9V1FqnFrn8TzyliYXy1JR9fiZcLKdOtCpOcpWTTu+D7Ozebx/G+XnywunohokZ63hMBABiC5Fp84+TC0+cfUNLuwuzHarzj6harzj6kVdguu8m1TmvUWV816l2L39g0kuFyFnXFeom37yXmQW2K6kiUlwal5obU48l5gNd1h2RDVR8UvMFTqe8vJ/UKtSRO8Oqa/MvJ/Ul6fmXl/ECrGDESbTjF5OF+PgFXEZdL+n8TDGpGd9fkefLLTcjC6Mo3t7XxHCtwkjOY+qgeby6TuHCFTfqRKhHuMiilu3Dt3+n0BvTVlRmv1jTx7y0p9tl6nVt2v0+ho7TUcsNN8vgix1xvdwJRlyLp6cDPJpENpnR7N7jHK5gm5LtNhmGZWHA6RTWSiucm/JfxOJTlwvax1ukb9rD9kX8TkQyPsPbh7XzeTvm2ovMgbIi1zLsnxOriE0CSY0m91hJNBVqTj2lqTXaY12aFWktWwMl7gk1xsRFX5u/eUqb5WIH7PP5lxy2f5hdQ+xFwjGN9fki/BO1e+pJuMX70Yv0M0cTGOj1Muzm6uGwjv+KhB/wDijJOm3dO+h8q+X05d/DEqsZrSzE4ZuNiNYPeXGtNcQ1r6EaJFRWdkZ410zFUnmZFm9oNjrr2toa5mhSb36X8wtVG876kV4VYp5Up24GZuFFJXsHXU5XV9+hHLx8dmHow5VKWJqtaYjESkre6rRXwZ2vB+pqbNhTw9KNOnoqat87m6mz3T2vFl3you+Qa8g1DU05mAAEMAAA1HrYlPfxNHHbVw+DzRvmlb8K19eA8LJ1XWmHbmK6un1cXrVVvDn8jz8Zyi99jLUqyxDnJvM9Lvd3Ii6PPbuvtceHp4/tmp1XdXN6ElJI5aaRnpVkjm3li3LtCksya5omnOM1zCrUhh4zlJ+zFXZPlxvZ2tmzUqNNLXq11bvvutDcWY5XRuFT7O5z0eIm6tuSe70sddLmeyeHyMu2VTZjsy7AVzagB4gZdBvBRGDYVIWGABYMiANQCw2xAFGe3aHty4WGgcmVCVJPfqY68qdCLaS00XeZLtmtikpNLlr4mcr0xqd60JSlJtviJ2M8acFw9Qm4q6ikvU8T07n0wqc48WQ8V2lOL17TC8PN8UG5JWRYlyvZldZLmzDSoSg3e2pmUWuJVskC6znY0doyadNZnLRs6caMnY09o0MrpvsaJ8pNdTk5JBlsZ5RMUtDo9O2NowzLnUUTA6sGWGnG6QQi40HxUnHwtr8jiQe/8A5O10if8Ad7ccz+Bw4nsw9r52c/NsQlG1mNypcUiY8B1aaVtN51ctaUnRXJeZanh+zTvZrVNFyIXxBrbe66gv+H9AWJpdr8P4mGlRc03yMbhKOWW7UmzTbliXHg7duhTq1ZLSC17W35Iy5Yytud9RJ5WDTAut0ctFyX1MkIQbfDTvM9arCeVRiop69via3HncLp73o5jIvBUE9XTzQ8FJ29LHSVeD4nm9hY/Z2GwtGNSr1ck5NrLJ722tUrbrG/La+ylZKcqjbtZRd/U+flN5PdJNN2coty7xK/eaKxeMxGlDC1J33OSyR5b/AOJuYPZO1HNVK1WMcqbVOH4d25v/AJHTXTqmM8ssaVSXD5GyqUbJWuY415LgbEU5K/PU5sWsM6cYJtLcKGJWl15GSt+FmCNCT7CE/KHiJKTjbXQmlGTa7GW6EkuZdCeltzRWt6xXKr1Fpr8r17uJ0oyjJK2t1fwOda+j46GXZE1KilfWnKVL/a2l6WO2F8vHlO22+AgO7zhDNarjMPR0clflxNWe0n+WNu16vyRN6bmFy+HTuaeI2jhsPdOWZrgtX9EcPGyxtTV1HUXL8Pot5owcpdhnqe3Hg6u9rp4vauIxCaj9wuz8Xnw8Dmyg3e3eWyVVtwMW7e7HCcfiCMJq/aNRkr6DdfsF10mZde/0Wq7Ck+ZirYilT/HKMe9pMwRxtOq7UozxMnwim/N8BpLZJ3reUupTd7LyRl2bhp7fqRlJOGHoyv8AtyT+CKwHR/GY1qWLao09/Vxd7/tM9ZRpwpRjGCUVFWSWiSOsx0+Zy8k8RcVZaaWGmLXQLWOr5qrjuSARrAHoBzdhZj07xWK07gEA9BlEgMACwWHYQ2g8AzWDNEWfkhsCd+w49StOUm77234HVqSkozfJP4HHp3Ss9bHHO7kd8Jtac2UrIlNDVzzu2mWFNTV7ldSuZiUnHsLVWfYGO6lRiWowhyRhdafcY285E1Wz10OGvaaG0pxkqbvxfEzJpGntL8ENPzfIfLcmso03JGOVmQyUzq9Wg0nc1p0kZ3JmOpNop3ec6QaTox5QcvN/wORFJnV6RXdWk+Dp5fFN/VHKi7dp7sPa+fn72aKXAzfiglzZhiodsb8rP0/iXGyaV95tjynE6+Csa18u8zYiGTjdNXNZsJezdwdT2nykrGzVheE1vtFPyNWvR+yVcq1sk/NJm9BqpltxRFThpp04X1srGSdpLRGHDqMFJbrMztwX5l/PiBhvKOuUh6vkZ5xgk7yir/vPyRhy5/Zir5tO270RG55fTujFHqdn4JP80HPdzbfzOvljfhoRTgqUIR3ZUo9misUc3K3uNVxGkx3ugiwm3LxWDk5yyTinP2sr039vHUy068YJRlem0rWfye5m3iKMa0eTjqn2/Q58mrOMtLPc+fYebKPTjeuabEZ0531TIkknzNakoU5XvdbjM6kO84OmtVZiq2jZ21F1972MdnNlbkZIVk9+hn2SsqxcWv8A5Eny0aTv6s1eom+Wht055b2VjeN6axlJY2p1cidlmObiKmInfM9OS3G11hGmvAty25yTFy6lJTMTp1EdOdGMrvca01GHFMy90yavtrmYZ6M3XUijWrLNqjUdpe7CzE+Jls+RrurUrVFSoR6+o9/ux7ZM6eXS2Ywq9Wlh43nLKvXwXE2MBsvH7U11wVLfdr7x9y4I7OyejdHCtVazWJqrW7/Cu5fM7qXgdJNPm58++0crB9Htl4VL7pVXzl7bfmdOnThSSUUoJK1lovQoZ0fP6rl8gaEMMqAQEZMAADVTGJPsHqc3Y1cenHQkdkA9BBoO4C1GAgGA7CsiBBoPQWZ8CiK2bJU0t7L+BxalRNaLed2VnvOBTptyy7raeWhxyejj+SiZEp8mbMYRjuK1OLtcv01YdbdKztc2MsuVyilWj7xGLd/BKjpyZHV8zJnzvQMrDG2GUHwNLaalCEf2vkdRxRo7UhKVLff2kWeXTG/lHEbQjJ1ZLSOj2MTMMzLUnGOlrmGVZe6VdPObfnerSitckPVv6WOdSnJuK/Dd24mfalTrcRXkuErc9Fp8jV/td7t3nux7Yvk53ebNJzpPLLTvTRShOqrpZne1uJdHEYmGma/DXVepf3ybd1ry0NI169GrR/GreK+Rr00nOCe5yS8DaxOeSvbRcTVp6zh2yQZrpbbssVL9hGCk2tVpZ+Bk2439sr8Pwrwyow4dp3RJ4dPlnp1pZrPibCuzUqQlGzWvEyqq7LjcppdRbuGp0OjdONTHYFNZk6qdu5Np+DSZyXJvjc7/AEQkv6RwluKnH/wb+Rm+Gp2j6TYdiUWjm4iKsOyEMMiyNHaNCUkpxWZx382uztRvCuSzcbl6btxKNq17cEjK6M+8eOws8O3Up7vzJb+1pfFeJipY2TWqUrretDy2ar3S9fgoYaqndq3ih1ITtusZYYum96a9TKpqa0MLuy+HNbqx4tBGtV95nSt4mKphqdTf7PdoVrqnzGn19X3mDr1ObN/qKMUrQSsu/wBWDw9F/lSKdU+nOc5Pe2xeyb7wlPlbxNXFUY0bW4uxZXSZS1i5kylCnGTl7KitW9EaeMxTw2W7V5v2YpZpPuRt7N2BXxzjUxjtFaxppvnvl9DpJtcspxzy1sNQxm25fc/1eirp1H+J/so9VszZmF2ZTyUo5OLe9t82+Jt04xgrJJJaJdgzvJ0x8vPO8n/AMQyuAAACAAABgAAAxAUa9xq5Ov8ANgt2fA4uytQF7Xu/D6hafJ+n1CL0ELXl8Bq/J+n1AoVha8vh9Qs/5sUMA/ngGoQCsV7Q8sv5/wCAJSl3HOxlHqZ51qp6PvOnapyj5v6GOrS6yLUrPzM2bjeN6a5aqrkNVYmy8JS5WInhoLizyPRuViVSLJdG+4yKko7g1iDf0mlCUHK6Cc6vBWLUuYaPi/T6ALOmld8DXx1nSn2W49o6lBuUnzd+H0NLaUJKm9N8kh8tybsaMpLmYKlRcDHOLQkuw6vfMdMcpamNtvtM6hmfIvJGO4rXh4vaVJ0K1aO60r+D1XxNXWLatu5np9q4CWNUbZYOCau73fZpwOJUw9ahpUpdYo6XV07d6+aPbjlLi+NnjZlbpVOlTaTlBxvpmXtQ809DHKVCn+F/GxFP7M29JRi+Ckk/G6s/Q26MdmrVKc7c43+aRtx20qk3KPCK5cWPZyi8Rhr7nVj8TpSxFJxcY0k0+dkvJL5nPo4LE15vq4/hlv3JPvHwd7fDZ6QTjLEyt+WMYvv3mlTfLQ6G2tmVaMpVV7caju+yT3p9je5nNpyytdhJ3jffqu424OUla7Y4uSumiafVWT3eNjPGSto83wK1tFuw9F0MhfHUpNaRhJJ7kpNWXmm0cWjHr6kIRtebyrfa/bvZ6nozQw+zsYozcoSnDKlJZYt3snFav3tX27jN8Lvy9rdIrPFDSRSizm5EmguOwWCJYmWFgMenccvGYLqW5wjeMndxW9dqXLmvFHVaF6Es3G8crhXHUJNaW1S7RqUqb3WLxtCthrzpaxerjva7V815Gk68p2ejuvCx5rNPfjfUbqxCs7rcSsdQWks0P3W/gYKcJSTu7XFKnZ2MtdMrYqY/DR/C5VW1ycV6mpUxmJlu9kpxjFNuyst70RoraUaksmHg8ZL9X8C7XL+e8utrJMf2z9fiNbykreCNWGLxm0Z9Xh11zi9Zv8EfHizeh0fxuNa+1VEoaPJC6u+TZ6LC4ajhIRhTiqcY7ktF/FnaYuOXJMZ2ndzNkbAoYF9ZNvE1pLWctbP9VcEdoQzq8FtyoQwAMgAAAAAKyB3AAAYWHYBDCwAa1hiC5ydTABgFhoEMBBYAKHlGkFgsEGgaAFwh3Rjqzyxn2JjNXH1MsLXtmdvDeyXxWpN2NaNeel3cyqWZXNSmovwM0oRqb9LctGeN6bjplJcXJvga0nWocc6D7Y7bvUL0tjKhZEzn1cTW4OxCxVb3vgXTr0Wx0nT0NLaVO0Ydsn8CqWNlukY9p1bxpcbtjwklxyjmzgYmjJJsxu5t7IxSTIcpIySZjm2Vvy1aspSMDNiaNao8rNLphnh6NXfFX57n5rUX2RPTM7JWto/UyRki72N7sYuGOXw14YanFx0vqb6tFW3GvT9qSNtQuS3ZMZje0ZIOM04ySnGSs1v07jzGIwHtTcOEmkuy7tY9FkatZ21OZfK5d7+JZdMZYTNyacOr/EmmnxTNiC3u8klyS+LR0Yu5Xso7dbz+j+2ns/DYutXpdRBznJyir2tqmtW7Lce62H0V+y1adfFVPtFWGqWrinw377X0skkaXROlnxDlwpQb8Xp8Lns0N7ebPH08tKRQkUZecANAUJILIYATlE4FXJbAnI7nMx2yJpynRtdvM4bk3zXJ+jOqZKbvpyHlqZXDw8f/AEtRoScHCpOa/KoNy7mjIv6ax6+6wywy96q7P/atfQ9f4CM9EdLy2/DzVDor1zTxdaWKa1yr2IeS3+h3sNgqOGgo04qnFcEkkbCBm9acLncvlHVjVNDA05lkQ8qGkNIBZULKWICcqDKigAVkOyAACyCyAAgCwwCCwWAANQZI0cXoUABoBQEjAYCABgLQAgasK4myHqVQ6kU+bOVtKpJVYJ+zHLv4Zr6/I7EIcdxqbQpRnTqK25X8Uc8u0dMbJlGvQirXXtXMjSW/Q5VKpOm9Hb4G3eWKSasraW7TzvXcbv8ATNKpTel17WhqyoVl+Vu3cXHDVE4vTRpm/mi76k8M76PDkzoVWvwtGF05x4NHbc4rexOVN79S7bnJ+nHp0Kk+GnPcRjlk6uO+yZ0pPV9jOZtCV6ncki73XSXqrTkyC5Eo27sNT2TBKZtyhnNarh5cA3NNaczVrScjcdFrealfRu3A3C+GGFzMmTBoyOMWu00zNiktUb0Jo06cbGVGG9NuNrrjqcGUdx07tdhp1YWcl2liWaY4zRUYubREYZdDbwkM8kjTPw9T0PppRxL55F4Wb+Z6VHJ2FQjQVe355KXjbU6xp8nk751cSkREpFcVAANlQXE2JskoYCuBlTAQyjLCebvRaNdaGaMsxtzsWIBlZS0CGIBoYhgMQxAAAAAAAEAAADAAKgAdgsBpWHZgBwekwAQFAIAhjEADEwYATluVGmP0KQAlFGtWSqKcXukmvA2W7I1pWbZxz8J4c+ezYNezJq3P2kaF6uFnJfha8rHe0NDaeElVtKCu0rNcbdhxlezDPd1fDWjtB6XinqbyasmtbnFslf8All0q1SlufHdvRrT03CWdnWlruMFaq6V80GlzVmjHTx0d0lbu1RtQnConleYzpw1cPhpfbKNnv8jQxNelUqO3BI6Mtnx19pq77Dk4jDqjUm082tvI1NPTj02+SlKIrowzeVN8EnLwRjw9XroQlZxzxzWe+19/cbd2zdK+pjlUSMbMUnvBo5VlyOdVd5PtbN5x0b7DTUbpmomtMaS7jJGFzbweAniLaqKvv427EGNp9TUlFbo28rI01tjhFGSMUEEjLGNzLTG4Ix4zC9XToVOFRuL703b0TNiUWr21F0g+6jg6a1yKT8kl82GLdacl6PmbWApQqS4q3LR+Zhgs9uNzq7LoRUmpLM796NLvs9VseOSEkuCT+J0kczD1OqlC+ifsvlrufnY6a0NR8bP3VQ7k5yXI05slwuQmVcAABFAAwsRAAAUNMabRIJgZ4yuUYIuxmi7m3O9gMAKyYAIBgAAAAAAAAADEMIAGIqKAQwNIPQlRXN+n0Cy96Xp9Dg9KgFo90mvL6Cy6/ib8voBfoK6Flj2grfzYChB5+gafywGrDuu8jfw9WXGOXs8X9SotXkDaiS3/ADr9SJK/8v6kQ73ua+WxnUEr6Jef1MLklwOGYADMLMjgMOKw1PERs9GtzOC3luuWniejzeBz9oYSVa8oKzXDn/E3K9vFnq6rmPQqErbrq3emY7+Gvcx8zo+jrcdqnJ5YvfdJnHlaV763dzZp42EKclJ2snrwNB1YNaNOxz1p5scdWtPa0U6cacVaWJqKku692/L4m5Vw9NxjG2XIrRatdW5fQ1MPL7Xi5y/Lg4ZV+2978EdGx6J4dNudPLSsqnsfrfkfjwfYzXnG1+J1Zq6s9U9OaOdVwEFmdOTocdPah5Pd4NDTcy0wTlPLLuZGDpxqTinor68CqlPF0lJOCrJq14uz72n8mY6DSlF7zPhd9T01GFKEdEkcbay++n+yn6HUwzU4a77HP2xC04v34W8n/FBxnbNp0mo72bFN33GtCDmo8LGalQqxa3aEer4bWEg51aS/Wv4LX5Glt6XWYtr/ACqaj4u8n8UdXZlOTqN78sH62X1OJtK8sZi+LdTL5JJfATy89u82LCq77j0WBtGK038TgYaFnZ7zs4NtK1jTV8Oo6iSWl07rwN/A4jr6cXe7jeL53Wl/HR+Jy5boacH8TNsqo6dWcP8AMjnXetH6W8hPLyZY7xdlIZKZZ0eM0AhhDAQAMYhhkAAFAAAAFRllJA0NhO4zDCVjLc05aMBDKhgAAAAAAAAAAAAMYhBDC5NwA1L6WFfmeSjt3aK4xl3x+hmj0hxi3xhLzRwfV9DOfD1Gnb8PgJux5xdJK3GjH/c/oWukjW+j5NDbPo5z4ehuGhwV0ko8aU13NMtdI8L7lReX1DPpZT+tdsZyI9IcA/fj4XMkdubPX5n/ALZBjoyn9a6yQmzmR21s9/4nmmvkZI7UwLf9rHzDPRfpvXuNM1IY/CPdVi/3kZVXoy3Ti/FFY1Z8MrV07ms3axkdWPvJ+KIOGZrSLmOUkuJmcY8hZY8kcBEJqXMoe/gFiI1sXgoV1mVoy9H3nIqwnRbjJZX/ADu5noCK1KFeNpLMvXwZuV6sOS4dr4eXxUrU5duhoSxMcNCpJ8F68EdfauzXTScPbzPdx/icbCUPttdJr2MM7vk58EdZ3fUmUvHuOnszDPC0IKX45/eS55nr6bjaKbuyW1qdnmYpmJ+ZklYwztZ68CeFQ6tOL1fzOXQtGVuCbXhwNmS9DWlaM3bTczO9vRJp3sGtEYtsRvTg/dn8V/BGTBTvYW1UnSl+1F+qRHn8ZuRTkpRTTvbTR3M8MSo6P2rGCpSg5XSyvs0fjz8So04yI9PmOrsvG04qr7LWqXDtOLjal8biWuNRPzivqdrZ2Dj1Tlr7Um/LT5HG2nTVHF1ba5oRl6W+RJ5cO3Wqkm5X5nTw+nic/CLNl7UdOjHVLmzdX4dGnuXYi6GZzhbem5Lvtu8VdExTsY551uvHt4nLfd5/MdynKMkmtVLUtHN2RWlKNSDd3TeZX32lf53Okj0zvHis6aYxDDIAQAUMlDQZMQwKgAAABDYihoyQkYxlRmRSMcJXLNOd7GAAVAAAAwEMAAAABXBkgUAIYR8zzDuPILLY8j9qLhmCwWKFcdxWCxA7g2IkqqugzCSCxTsej4A7NitfsHl15hnUZcHZVqFtPvI/FHtH5nnNl7Nq05xqTVsuqXHl4dx2W51N7OGXd8XnszzmmzdcwbNdLLuM0ZeByfOMAsAQyZDuJlHn+k2PeH6ulSd6tSDt+qnvb8tDgYadTCxUYScUnfvfFs7+I2VhlXrSlmqyqWu2/RWtZAsDho7oR/nvO0sxj6vFcePDu5KxuKe6WbwRsU6+LlvsjJicEoJyhpZXt9DnqpHg7G9vb+PJO0dFyckRwOc6kpX9p+ZVKTzLVkcuixmqQepqSvm17jpZWzTxUFHUjUrrbOSsh7WS6vva+KfyJ2VK8Yl7YWWFPtnb0Zp5b73HZcXYgZHpnh6DC/d0qafCK83q/ief25/eqf61GK/8pHoabdWKklpLU4O2l/WcPpupPyUmSeXlnubGzqfsbtYv0Z0aFJSk+Fo3MOHpqK0M8KsoN24m6u9tyKUVblzIlWgn73cRmVRa/QiUUr2OLOl4aqo4vDpa9bTqRfhla+fmd1M8nHF0sPjMO5X+7pTbt22S+DOxDbmz3+dx74v6HonhxzxtvabdUpHOjtbAS/xYrv0+JsU8Vh6m6cZX7TTz3Gz402GISa5gwzpaGiUxphANCYrlRYCAIGIGADQ0JDQQJmWMrmEabRpLNthDuTCV0M25eDAQAMCQAq4NkjQACQ0ikgEkFimII8G8LYn7M32nWyRjwb8G0Jw5p+TPDt+j9SuT9jk+wFg3yOuocoteDKjTiuD8mNnq1yPsbRE8LKPC52vZeiV7cSerT/lE2vq1w/s0uKFLDu17HcVJe7fy+pmjhM+rWVeH1LtfW089HDylbTf4s26GyMRU3rInz3+h2qdOnTuorcW2tc2aNkZ6nny578OfT2HSj+Kbl2JW/iblHCUKC9mKjw5v11IeKW6Kbtz0KcsVv6q6/aT9Lmd2vNcss/NZ9CWlEwUsZTzNSWRmWdSMloZcdWVlhVRea5qwZmuyM2LdxGFyf8r+IszCabGgMiEuZTkio5WKmlUn2Oxh6xMKkouUu2VyPZZp6ZOxz1TXBqxya+z5pvJaz4PRnTbIZvw745Xj8OJKnOk7Pf5mSlBu2l7G1iqPXXadmvI14znQeqtc15euZ9cbFnZhbPCSfFMiFeEuwU5RtK+mj8rFcrWzsOrdJcmb22I/cp7nGSa4Pin6M+e0dpY2ik1UcLrg0mbeFxNSVSnOTdR5ldtu9uOrv8jv0XTxXknXHXlN3KhVkht00+ZnpOnwscH0dzTo7NxNV0rZPwya49/zOZiq8K+0Msvu+ppqnZtb3q/ijrYGrToUa05u0aTcn3JJnz+tiKuKq1KslmdaTm7p8eTWpvDHqrw55+nX0SKUF/Nh9RWdtN54Kjial1HNK193WNLfykk7H0y2r4WGc6ExzmU7NHqKi4CpydJvMtDaxFSnRTlKSglxbsjhY3aH9IXp0LqD0lPVaconKd3on5fDUlOOIqVqnCrN2/ZWi+pcUUqSikkrJKxWWx1fUxnThEJDQ7AG/KlKS3Nx8Wi1ia8N1Sa/eb+ZhZIY6Jl8N6ntXaEN1VvvSZlht3aEd7jLvX0OaIMelhf6uxDpHiVe8Iy7rozw6Se9R8nf5Hn7DSK5+hhfh6VdJcNxhNeX1M8Nv4CXFw70zydhWG3K/wAfG/L2kNqYGpuqw17bP1NinVpT/DJS8UzweS/aPq4ci7cr/G+sn0D1E7o8HGpVpr2ZyiuxtfMz09pY6nuqy8dfiXbj/wCbL7e2Q2zyEdu7RjvlGdua+hnp9I8VG2anCfdp9S7cbwZz4eojKxnjNSPLx6Sx/NSfhJGzQ6SYN/iUqfer/AsrjeLKT2vQXA51PbezJ/4sY9+nxNijjcHV/DVhPuaNvNcbPMbTEK4BzMtISHexQ7A3YlyJ3kRV7jJ3BcK8fHFxd9/mV9pjwsjm/Z6ye9FxpVNLST8DxafpOmOnHExtzsV1k573lXJaeZoQptWvK9uFtC7vne/Z/EunPpjbeISsloi6adTX8K9TTpOnG71k/CxsLExXP0uTTFn03k6VDfvfiyJ15S4WXqabxEFeyevN6/AxyxS00t4sxpx6Lb4bquuNiKktxoOrLu8ynXqSsNN+nW/TehvYaV13HGVWS7DZoYrqnrrcacsuOujVp06u+KZi6mEdErErH0ddH6fUj7fQ10lu7PqZ1XDpynwtwy9olNrSxEcZTfCXkvqL7VQi+K8F9Rr9Gr9MkZ6lOKZg+14a/wCbyX1K+24X9byX1GjV+maNN8B1YZIy1tZNmFY6gveduxfUw7Qx6qU5xp+zKSteWsd/GzuXSdOVvhzql0atTF0cO2pzjT46tJ+pxsXHadSUuvqTUb2tStGNu/6mGktn0lph1U7ZPM+93R6JjPt31lf6uvV23s2Lt10fC79UjXe3cA1pKU+6LfyNeOOjTuoUYw7rR+CK/pSvwjb97T4GumJ0Z/S/6WUvw0K9T9zT4iq7XwTUozjOk0t0otP0MD2hWlfRebYPaGIa3JeZdRZhnK1v6Qwz3Tt3poK20qU6VWCeZzhlVk73fAyTxmInvyu3Zf4hR+04ycacWqed6tK1ktW/BGpJcpHXPqmF3PEa+D2RiowVSqurhqm046WtfNZ3vqtN51HszAVYU6dKMa2IlO3szlua36u3i9DPPEYarGpSyJ0oOLSTyu6krt89E79r7DDUpKnGeWK0ahGTXtRatOKzcE03HXsPtzCY4eH5a53LLy1cZP7FJQqXc0lutJNcGmtH/AiGMg/yzf7rZtVatVqjKElGFSLskkmnpdNd+viy6dSst836Hxs5MM7H6nh6+ThxrTxVd4jDTpQjPNVqZtY2ukr287GPZ2zHTtO1LFqm05rWbjHe201ZrtVytt4mtKnQhm0UpPtvZK10VsbFwoulU6yVKUZqObfputaz3q+h6uGSvmfyeqZd3Rr7Kwk4qemFUrtJPKtFfc07q3Zc6fW7QxMYypzjRpXyuaSqNK296prhw43Hh6nVvDVcqqezJ2dllvx13WV1o+CMtBywUbRuko5bNJO2ujW7TW3Y7Hfmxlx8PF/Fytzs2r9H8PfNUlLFSXGbbXkZngoRVkrW4LcY/tNSXFk9fVfFnxX6WTKKeE8DE8GX1lTm2PPIO8uUYHhGQ8KbOpOhW+qtV4aRH2WRuXGr8w11WNH7NLkH2WfJnQu+bDUp11znRlyYnTlyfkzpNXJyIL1Ob1clwfkxKEuT8mdNRRUWkF63K6ufJ+TBU58n5M6zsCB1/pyckuT8mCpy5PyZ1WriUUgdbmfZ6vuv0H1FT3WdW6CzDPXXIdKfuvyYskvdfkzs2RLSC+p+nHyNcH5MTjbgdnKNQKnXL8OLCU47m13NozQxmLp7qs4+LZ1UmxZGNsW43+sa8OkG04W+9Uu+KNiHSnHL8UYTS8CspStyuXbhcML/AEZKfStP8VHdylf4o2qfSrASteM4eCfwZppR8y4p8Lsu6814sL8adWltvZtb/Ey35po2lj8F/mR80efbJtEvU5ejPtrC0ALHJ9UWCwCIGirCsMIHGwhgBNk+0Vl3FisAkUCGEK4XYguBSm1xJnLNYTYnYGhcRIBvRqViZSuFhNBdEroidGlU/FGMu9Iuw7IrTV+x4X/LXqvmJYLC+4vV/M2pE5XzuBpy2dhZ7k49z08ncwT2T7s/NfNfQ6lrEtAcOrga9JXccy33Wq+pgw9GpWzKEst7KVnb2d9vH6npFJR7La9hpYepGNDPTilduytfW71k97dteR6uKdXJHzv5WXp8FVHDTpxtFSsoZVa0ePB8NxuU6NDEQxSftKduO9J2aeurVo6nOnUcl7dKNRys73V/gx08RKebKupUla0efPv7rH39bj8X/bbdwtHq6MIu8t7d9dW9yvwNXGYeMIuUU1l3pbrc7G+3KSi3q7K/DXmRJ30e61vA/Ocv+2v3XBdcGOnmMTOjiFkk8l3dS4J8L9hrYTBThWjTlad4uSSejbVk0/E6m1NlKKlKlquMd/iufccnZ8p0a9Ljq9PXTlqkd+LLpuni/k49e7p7hUqUacUkmpJO2VtaK12rO7TS00epsUlGakruV3xUot9rutDg4bFOLnq43bk7NrV8XZ7zdjUxNfdUlbx3drPsWdWP6fkpejk3O1jcrQlT3Wa3c/PkY9e4z4PDZKUr7ne3K3YYlrdHwuTD08uz9nwcv/o4+/lSBAhnne4CaYwAiw0h6jAFZA9QAIaLt6EIu4ZQgY2IKBgADAACFYaG0CAaQ0gQwyLCaHcAiUNgxBVoaI1GpIItIYroYZIQwCtUAAO4FqAwEihDCABDAAACAAAAbJGK4CYmOTIYUMljEGwABcAsSyyWBNgQwCgVirABgxFLrKdWK/NBpd9tDn7P6/DwzU7zVsk4b5KS3u3FPkdgwV8JTrPMnKlL3ovLLx5+J1wy6MtvLy4ethpgpywrc5PS6Vk/Z11ve5mw9LBScmrJ5t1/5uc+tsKrVk5PESbfGUVJ+dzNhNmvDzUnU63KrWcI7uTvc9nrWPi/+TbrYrL7Kjyv57jBa5c5ue/X4dxNzx5Xrytfd48fS45DUDh7Y2a1NVYqyus2Xeu1Hei0VoZl6a1lOuargU51qSjeP2iD1Uoq68VvXcdHA7Vo4aFJZM2VKN3mTslvtx9B4jZWExDbcXTb3uLy37+BhjsDZ8XfLKevGT/ger1bcdPk3+NOrenXwm0sNi6eIyySlayjvld2100S38TG97Jw9Cnh04wioJ66Kxlsjz5Zdb3cfHOGVMUUK47nN6CY0ABQCAAgGIYDQxIAimQylqKwQkUhFIKNASAFcMmr6hb1BaeJkjUppWcL6707S8d6ZWLdfCMomjJZL81+x6P538yb2BLtN2NMYiNDMFwsJ6AA0TcpAUNCGghodhbh3CNQQwDuWgxaDAAAAgGSAFDJGAxAAAyBtkkUMljYg0QDAKQirCAVwAEAwGhgSkOw7AVNkkPcAAK4h3YwJyhlHcYCSGhpDsAyopE2GgwqyFKw00JpBEhuC1gsGjQCQwgQxDQAIAABiC4FxGyQuGTGiRgUAAENWG7EgEGgAFgHcCQuBQNCTHcAsCQDAB3EARQyEx3A1xNFCDqmwxiCmgBAArAkMAAAAIBDZLAdyQANCwhkthTATBEFCaGhhGPKNIqxLTC7UolKJMbllZFhDuAQrEtFgFRYmxksFgqEikhjCAAAAuFxFJBkAVYTAkQ2AUAK4BQMmw0EMAAAAAAaGIYQAAANDENBDGIYQAABAIZEgoKTMaGmFZLhcm4IIoNRJjuEAWAVwMVwAA6ABiCgAJYDASRQAAAEJksbJClcZOgK4aMYCuANBcYmgGmMSQ0EMdkIQRVgEmO4DuhkJFBAIBXCmNCGA7CsFxhCBgACSKQhXsBkuJkKQ7hAxWC4wpAFwuAATcaCmA0IIYCC4FBcSZSCAAAAGhDAaGShhDGJWBhkyWhgwrGBVgsGiRQrDCANwCsAZguG4LgQGgArBoDEACFYoAEhgAAJjJkFSxAwDRIpCsNAAxAAwAAEACCGMACkwuAACuWkKKKDKWIpkMKaKRCKAe4aEitAyQFaEuwQMgpiCkh3EJho0UiYlBADC4gJGkOxSAWoajAIBWGACWg0SNAPVBqVvJAYyQAoPkRf0KTCHcaZNwTAtASgCL0FoTYAKEIYAMkLgUICQJSGIA0YmFx6AACGAAMQAJiEFIBiDRXAYACGILgMBDAQWGACGSNAAxMALiMxoaYZUyQbAKLDQtAvYCwJ3hqgyoQrjuFACuDABABFA7iAIoCblIoZOpQBE6jVxajQUxDACWgVgZO4C00F0QNBdMhVKjOuk4e2r8GrfExXY6ahG9llvy0+Ac7vXZc45ZST4O3kSXvDKCeEWBFtE2CkhgAUagK5SCAYAAiChAMLCGBFwJQyNGArhcC0ArgiooTAl3ATEgBBoMLAMKQAK4FCsAAIaFYaCAVihADEhhYAAY7AQNDEABYEABYAAAYXAAGK4hoBoe8Q7AIbEIIYABFNAmILlRQyLjTAbEAgGAgCgGABUbhpjtcLAUldFJWEhhlcS9DHGVi89w5/KWSUyQpXC4xXDQAEMIaHcQAFhMYASMBBWMLiGRsXABpAIuIrFRRWADATAliQ2Sg0YAMKmwWHcABIdgQwhWAYgAQxBQMSGEFwuIQDGShhTAQAMAEABYAAQwBgCY7k2KQQCAQFKw9CBoiqEAghgTcaYDABlCGIYCAB2AVxhYVgLQCC4Q0UiLlIIqwrA2FwhBZFZURf2krO2uoFWAAABXBoVgK0ASGAgBiCsYAMjYQAAQ0MEIMgZIBQxDbEVQMQEUxBcAgC4AADEMAAdgtYCbiK0FYom4x5R2IpIYIYRIFCCEAWCwUDEFwoAACAaQhgDRLKuS2BKZVyQQaWIEDCEMVh2CmNCQBlVgCJTQQrBYYFQrAMAJsIoApJFIBpBDVgQLUoMkIegaMBDsKw0AmmSZBBUWC4wsFTYY9AsBiGSMjZjENBDEAggABMKYguIqgoSGiIQFWCwRNgsVYAEMACmkOwkMIMpOVotBcrLG7gORNiNGAIAGJjEwpNibGKwUriKsFgoKEMMALgIBNiCwJBokmOxSAKQAAQDAAgGhDQQ0UmSFwKAQyoAAQDAW4AGUiRoCkwuK4BAC0FcNQKC5KYwKFcQBAIbEFCGIYGAaENEdANAMIBDEEIkokNBIYAADENAUmAkAZAAADGiRoCgEBQxMbJbIhAIYaCHYSGEArDACQSLsNICAKaJYCGAAACGAAABQAgABiGAhiGAAAAAAMIYABQxAACAAIGNEopBAMQFDAQwABDAAAYCuAgAdwuIAMYAhkaCKsJFBBYllMTCJJKYmGisAwCkMQAUAgCGxAAQDQhoCwEgKC5LGSwAAAimACsEMpEjiBkSHYUTIkVhjaMcjLIxMLEjARGzAACAQwAQAK4UxiGAhiGAAAgGFxCuBkuIQ0yoBgAEgICKoZKGgigEgKgGIYAAAAwEAAADsAgGAGNIYFIAsACYUriuMkAAQw0BgBEFhWGACATBAMAuAANC3ibSAd2O5jc4onrYmjTLcZiVSI+sjzIuljIUh3IihokaABiC4RkgzKtDDFouUkisXvSmzE2NyFcjU7QgAQaMYhhAACYBcXjYe8UrIKTYKRI0gq0wEkMAYswpSMTka1tdbZk+WompLgRTkz0Gw9m4TGUpOSbcZWerXbwfadJjtxzznDjuuDdRe/gXmSS/lmba2HhhcRWhHdG1ldt2aXjvuehobF2diKMZRi1nhdO8vqXpccuXHDHG67V5jMlcSnexE04OSe+LcfFOwIxZp653m2SwWCLuUZEpFWCwyMgAAIVwBgRVIZKC4QwFcaAaGK40VAABYDGkUIYaDJY2QwpXAkYUFEjAYCGRDAQAFhFEsKSG5WJk7GGUmakWRmzpJ8TJhcFiMa7Qjez38DFgqEsVVpQWjnL0Wr9Ee8y0tnUHlj/AGcdEufBeZ2xx28XLy+hqSd681HovjGnecV5nMx2zMXs/wDGtHpdar6o69PEdInNTyScb6x9lK3ZfUW0tt1cTTq0p4fqsy/M/granXpjjjyckznixr4fo7ia0IyzKKlG/NnEqQdKUov8ra7NHb5H0nCLLRpLlCx88xWtSr+3L4sxZqOnBy5cvJlL4YVNxM1OrGRrSHDQ5a2+rZuN5MdzFGVyzk4qGjHcqLCKGIYZS7CY2gsFADEAAAgGAIADeGoLQWjAVgBMYU0JjQMDGzG2VLQi51nhuKgz2HRaDjQqP3ql/JW+R5KhFzlGMVdydke5pKnszCq+6lDXvOuL5f8AKy/CT5rynSOcZY2v+qox9L/M7nRPFdbQlT/yHbweq+ngeVrVHXnOct9STk9/HgdTo1XeHxKjqlVTjyV1qvn5mv7Lnhv+LJ8xXSHCKhiW1urJS8Vo/l5nLlY9rtfZkNoqleWR03e/ZxRzNq7M2fg8NNq0Z2Vm/wATfJd+7QWbcuPmmOGMvevOqyKjK5CsVFJHCvqLC4rjOaGAmybgMAERTuFxDCC5SZNgAsVxNhYqKTLRKVh5giAEhsikyWMVgpAABoAAAAAAAAAACYABFSW4wN3uZqkTEkdI6Tw63RmKli6fZGR7DH4mGDo1KjWZQW7tvuPC7JxKwdenUeii2n3Wtf5nt69KltKhKN041Y718UeqeHwv5M1zS3w89g+lOJnWhGdOOWclHTetbLV7zubbwlLFYeq2tYRcl3o5WC6MdRWhOdRTUHdJK3i3c2+kG1KOGpypReadW0bLgnvb5FcM+n1MfTdekssIrsseKw2w8bjHN26pNvV7973L6ntlKMY3vY8xtTpO1mjh7WWmZ6+S+bJe6cVzmV6Z3rzmMw32StUpt5urdr7uF/mY9Ex1alSvKUpPO5O7bCFNyZxvZ+lx30TfllpoyIUY2KscaxSHELDSsZRaRVhBcME0IbJYUAAMKWgkNWBIBgAWALBYBgRYEVYLBSGFgsBEkmYsvMztE2ual01vTd2LisNg60ZT0WVq+r1PS/pDsv3/APxl9DxuXkJxdjvMpI8OfDObLdr2D6QbK95v91/Q1Mdt3Z9anJQzOStJey1qnda+B5d30DU31RifxsfuvYy6RYHK8rk3bdllv5HlMTXq15uU3nk+PyXJGK0rBkkzNy7OuHDjw201K2hcONxQiikjja9agADDJDEBAwAAABCuEUJjQAAxABSZVyEUEIllEsKQAS2FMXjYnPEyUXGMotpTV0nfkVLdJ5doze2tPBt0409HRbVkrR1368zn3W7ffTtLrTGOXXjvWlAOVOpTtmi4X53JJ4dJdnZg9ENa9uhK10tdkNrlTqU1FtNKUU0+Fn2kmzXxtTE04QfsZG720Vl9DWNVzxts7wMxSguBkCxPDrLpr5ZRuZsNjcVhL9XOVK/l5PQbQrRfYdJlpbJnO82y1dr7TqJp1pa8rL1SRoN3773vxvzubPVplKnG+411s4448fjGCe0MfWi4yqykmrPXS3Iwxjm4GxlQNE6tkkw8TTFGiuJkUVEaQtTnvbW9nZggEZRRViLlhkwAGESxDYgpiGCAmwwGgCzHYY0gIYItpCugibAO4goAQBQAAAWBIBIIdkGVDAKVgsMAJSHYBoAs0PcK1hWt2hDAAAAAAAVhgAhgIKpWHYSLsVlNgsVYAiXoRctsgjQOhsGjGrVqNq/VpW8b/Q551OjztVrrnFfF/U3PLhy9uKs1TbcKc6serbyScd64OxyMRUVWcpJWzu9u18CsdCcK+IvGSTm9bNLXtHgKSrYigv1s3l/wa83TjhJhh1fpOIwtXCOKmks6uuPejobFpU6cK1aS/s7rwS1sZ+kVO9OjJfknbwa/gjFg/wD9diexTLrWTFzufD/9aOM2hWxqWZKEYu6S3+LMsdkY2UVK0VdXtfU57/Cdvb1atTlh1GbhdSvZtcjPnbd3x9Mx+WHYEc1XENr8MUvNv6Grsl3xVJv8zl8GbvR1JPF90Pmc7Zns18O/17eehZ4jPnPP/jJtRZcViF2p+aRqm9tmNsVLjmjF/L5GlZMxfL1cd/xwIYrAZdTFYtWCxQkgaHZiYAIbJIGhCuCYaMQxpAIaCw0gyeoMLkNhDYhXC6CqRViEWgEF0DJuBSkO5juwUgumSEoxknKOdImpOEnJqOVcFvJbuJJBOnvtSGJDDRDCwWAAAAgAAAAuAAAwABDsCQwgAQADJBu4AO40yRhTAm4XCGMBAOJdzGNMDJcBAVlAgGRoaG/sF2xElzpv0t9TToxhUnFSlki7/wAPU29ipRxcknmtCSv3NG55ebkv4WM219pOTrUclrNa3vpo91iOj9LPVqy9yKj5/wDBrbVtHFYnw/8AVHU2HQ/qs3fK60m7+ifob85vNf8AH/H/AOpxFf8ApDBV3vyyk/BSuvSxi2V7eCxi/aXojewOzY4SjVp5nUU2965qxz+js044mk99/S1vka+XCeyyOS/wHptoYKhi+qc5um4JpWaW/vPMVozoKUZLK4to7HSNXnhePsy+RmdtvTn+eWGqew7Qq4uN8yVkn2K/1OXhfZqYfsqR+KN3Ys1DEW3Z4NeK1+TMbwdeGKjFRbSqqV7O2W99+7cPg9meUt+GbbV4YqLWlqcXz1uzSnJ1JSk98mbW2JqeJl+pCK+L+ZqGb5duOawlJiGI5vSEUSPQodxZkLQE0AmySgsRpAJMyKIZQbShgCApDJRQZSQy9BMKkRRIaNDuToNBDbJuVYQVIDEGjVholDVgikMSKDJAMAEIYggAQBpQCuFwhgK47gNDJRQQgAYE2sFiiWAgEigo0CwwCAEgHcBNCiyt5E/Z3AUmxg3cCogaEBGh6m3sutChiISk8qs1rormskhNFnZzynXjYy7VqRrV68ovMpWV+5JG/tWaoYbDU4S321T/ACpdnN2OU0hZY9xvflxvHuYzfaOhsGtKGIcXJtTi974r+FzBUnPB4qtKm9YzfarPVpmq0iopIm2vTnXv4bm0dpzxtJwdNR8b7uWmh0q1HCbVjSm6jhli9E1xtdO/ccKxGRPgXbF4vGrrTaxOGVCtCNKfWN2ael0/AzPa20IJxlZNabrP429DRg5U9YvK1xWjKu5OTe+Tcn3sm9L0b1vuTzO7bu3q32iUimQ7GfL0yah3GRcbZFVcVxIYQxAMBlRFYaKiiGU2SEITQN2J1I0pMq5jVyr2Aq4mK4MIliHcN4ahpaBYasK4DEwB3AmwJFXQIKSSGkMYQgHYQDEwAIQMGCQE3GmDQg0pACBgJjQAAxiAIBkoYDZJQmESkUgAKYAgCENCuMAuDEDChDJTKAkYDCBDSGojsVENCyltCAnKOwNiuRQIYmA0AIAAhliaCoGOwrBQh2sNAwguNElIIq4XJE5FPKmwuTcQNBiuMTsRo1IvQxxVy0gg0QXHoGgZRYChNBokCErAFVEZCY7sIq1gQky0ghJFBYLhASDYAIVyrEhTEmUS0AxAhMKYAK4UMEFxXAoZKKQAhoQ0GV0qVSq3li55SbWvfnYqjXqUXeMnB9nzFOUp3b1vqa+HPv1X6JokYXMuhBcAAAC4AIGDBhSQ7kooNP/Z\" /></p>', '2020-05-31 16:20:49', '2020-05-31 16:21:14');
INSERT INTO `edu_course_description` VALUES ('1267028850388938754', '<p>11111111111</p>', '2020-05-31 17:43:12', '2020-05-31 17:49:22');
INSERT INTO `edu_course_description` VALUES ('1267039450607284226', '<p>6666666</p>', '2020-05-31 18:25:20', '2020-05-31 20:19:45');
INSERT INTO `edu_course_description` VALUES ('1267718558907617281', '<p>rrr</p>', '2020-06-02 15:23:52', '2020-06-02 15:23:52');
INSERT INTO `edu_course_description` VALUES ('1267732724565278722', '<p>ddddd</p>', '2020-06-02 16:20:09', '2020-06-02 16:28:43');
INSERT INTO `edu_course_description` VALUES ('1267735099590025218', '<p>111</p>', '2020-06-02 16:29:36', '2021-06-19 01:43:49');
INSERT INTO `edu_course_description` VALUES ('18', '<p>jsjsjsjjsjjsjsjjs很厉害1111111</p>', '2020-05-30 18:16:53', '2021-06-19 13:03:12');

-- ----------------------------
-- Table structure for `edu_subject`
-- ----------------------------
DROP TABLE IF EXISTS `edu_subject`;
CREATE TABLE `edu_subject` (
  `id` char(19) NOT NULL COMMENT '课程类别ID',
  `title` varchar(10) NOT NULL COMMENT '类别名称',
  `parent_id` char(19) NOT NULL DEFAULT '0' COMMENT '父ID',
  `sort` int unsigned NOT NULL DEFAULT '0' COMMENT '排序字段',
  `gmt_create` datetime NOT NULL COMMENT '创建时间',
  `gmt_modified` datetime NOT NULL COMMENT '更新时间',
  PRIMARY KEY (`id`),
  KEY `idx_parent_id` (`parent_id`)
) ENGINE=InnoDB DEFAULT CHARSET=utf8mb3 ROW_FORMAT=COMPACT COMMENT='课程科目';

-- ----------------------------
-- Records of edu_subject
-- ----------------------------
INSERT INTO `edu_subject` VALUES ('1178214681118568449', '后端开发', '0', '1', '2019-09-29 15:47:25', '2019-09-29 15:47:25');
INSERT INTO `edu_subject` VALUES ('1178214681139539969', 'Java', '1178214681118568449', '1', '2019-09-29 15:47:25', '2019-09-29 15:47:25');
INSERT INTO `edu_subject` VALUES ('1178214681181483010', '前端开发', '0', '3', '2019-09-29 15:47:25', '2019-09-29 15:47:25');
INSERT INTO `edu_subject` VALUES ('1178214681210843137', 'JavaScript', '1178214681181483010', '4', '2019-09-29 15:47:25', '2019-09-29 15:47:25');
INSERT INTO `edu_subject` VALUES ('1178214681231814658', '云计算', '0', '5', '2019-09-29 15:47:25', '2019-09-29 15:47:25');
INSERT INTO `edu_subject` VALUES ('1178214681252786178', 'Docker', '1178214681231814658', '5', '2019-09-29 15:47:25', '2019-09-29 15:47:25');
INSERT INTO `edu_subject` VALUES ('1178214681294729217', 'Linux', '1178214681231814658', '6', '2019-09-29 15:47:25', '2019-09-29 15:47:25');
INSERT INTO `edu_subject` VALUES ('1178214681324089345', '系统/运维', '0', '7', '2019-09-29 15:47:25', '2019-09-29 15:47:25');
INSERT INTO `edu_subject` VALUES ('1178214681353449473', 'Linux', '1178214681324089345', '7', '2019-09-29 15:47:25', '2019-09-29 15:47:25');
INSERT INTO `edu_subject` VALUES ('1178214681382809602', 'Windows', '1178214681324089345', '8', '2019-09-29 15:47:25', '2019-09-29 15:47:25');
INSERT INTO `edu_subject` VALUES ('1178214681399586817', '数据库', '0', '9', '2019-09-29 15:47:25', '2019-09-29 15:47:25');
INSERT INTO `edu_subject` VALUES ('1178214681428946945', 'MySQL', '1178214681399586817', '9', '2019-09-29 15:47:25', '2019-09-29 15:47:25');
INSERT INTO `edu_subject` VALUES ('1178214681454112770', 'MongoDB', '1178214681399586817', '10', '2019-09-29 15:47:25', '2019-09-29 15:47:25');
INSERT INTO `edu_subject` VALUES ('1178214681483472898', '大数据', '0', '11', '2019-09-29 15:47:25', '2019-09-29 15:47:25');
INSERT INTO `edu_subject` VALUES ('1178214681504444418', 'Hadoop', '1178214681483472898', '11', '2019-09-29 15:47:25', '2019-09-29 15:47:25');
INSERT INTO `edu_subject` VALUES ('1178214681529610242', 'Spark', '1178214681483472898', '12', '2019-09-29 15:47:25', '2019-09-29 15:47:25');
INSERT INTO `edu_subject` VALUES ('1178214681554776066', '人工智能', '0', '13', '2019-09-29 15:47:25', '2019-09-29 15:47:25');
INSERT INTO `edu_subject` VALUES ('1178214681584136193', 'Python', '1178214681554776066', '13', '2019-09-29 15:47:25', '2019-09-29 15:47:25');
INSERT INTO `edu_subject` VALUES ('1178214681613496321', '编程语言', '0', '14', '2019-09-29 15:47:25', '2019-09-29 15:47:25');
INSERT INTO `edu_subject` VALUES ('1178214681626079234', 'Java', '1178214681613496321', '14', '2019-09-29 15:47:25', '2019-09-29 15:47:25');
INSERT INTO `edu_subject` VALUES ('1178585108407984130', 'Python', '1178214681118568449', '2', '2019-09-30 16:19:22', '2019-09-30 16:19:22');
INSERT INTO `edu_subject` VALUES ('1178585108454121473', 'HTML/CSS', '1178214681181483010', '3', '2019-09-30 16:19:22', '2019-09-30 16:19:22');
INSERT INTO `edu_subject` VALUES ('1264399144426541057', '全栈开发', '0', '0', '2020-05-24 11:33:42', '2020-05-24 11:33:42');
INSERT INTO `edu_subject` VALUES ('1264399144682393602', 'ssm', '1264399144426541057', '0', '2020-05-24 11:33:42', '2020-05-24 11:33:42');
INSERT INTO `edu_subject` VALUES ('1264491235395747841', '数学', '0', '0', '2020-05-24 17:39:38', '2020-05-24 17:39:38');
INSERT INTO `edu_subject` VALUES ('1264491305461596162', '高等数学', '1264491235395747841', '0', '2020-05-24 17:39:54', '2020-05-24 17:39:54');
INSERT INTO `edu_subject` VALUES ('1264531165866000386', '高等数学2', '1264491235395747841', '0', '2020-05-24 20:18:18', '2020-05-24 20:18:18');
INSERT INTO `edu_subject` VALUES ('1264533414587564033', '英语', '0', '0', '2020-05-24 20:27:14', '2020-05-24 20:27:14');
INSERT INTO `edu_subject` VALUES ('1264533415300595714', '大学英语', '1264533414587564033', '0', '2020-05-24 20:27:14', '2020-05-24 20:27:14');
INSERT INTO `edu_subject` VALUES ('1264533461693792257', '大学英语2', '1264533414587564033', '0', '2020-05-24 20:27:25', '2020-05-24 20:27:25');
INSERT INTO `edu_subject` VALUES ('1264533516853084161', '物理', '0', '0', '2020-05-24 20:27:38', '2020-05-24 20:27:38');
INSERT INTO `edu_subject` VALUES ('1264533517247348737', '大学物理', '1264533516853084161', '0', '2020-05-24 20:27:39', '2020-05-24 20:27:39');
INSERT INTO `edu_subject` VALUES ('1264533540857085954', '大学物理2', '1264533516853084161', '0', '2020-05-24 20:27:44', '2020-05-24 20:27:44');
INSERT INTO `edu_subject` VALUES ('1264535292968861698', '量子力学', '1264533516853084161', '0', '2020-05-24 20:34:42', '2020-05-24 20:34:42');
INSERT INTO `edu_subject` VALUES ('1264566036122468354', '111', '0', '0', '2020-05-24 22:36:52', '2020-05-24 22:36:52');
INSERT INTO `edu_subject` VALUES ('1264567808232685569', '1111111', '1264566036122468354', '0', '2020-05-24 22:43:54', '2020-05-24 22:43:54');
INSERT INTO `edu_subject` VALUES ('1264567966542495745', '234567', '0', '0', '2020-05-24 22:44:32', '2020-05-24 22:44:32');
INSERT INTO `edu_subject` VALUES ('1264568048587276290', '11111', '1264567966542495745', '0', '2020-05-24 22:44:51', '2020-05-24 22:44:51');
INSERT INTO `edu_subject` VALUES ('1272146109658812417', '宇宙学', '0', '0', '2020-06-14 20:37:22', '2020-06-14 20:37:22');
INSERT INTO `edu_subject` VALUES ('1272146110237626369', '天体物理', '1272146109658812417', '0', '2020-06-14 20:37:22', '2020-06-14 20:37:22');
INSERT INTO `edu_subject` VALUES ('1272146251543728129', '星际空间', '1272146109658812417', '0', '2020-06-14 20:37:56', '2020-06-14 20:37:56');

-- ----------------------------
-- Table structure for `edu_teacher`
-- ----------------------------
DROP TABLE IF EXISTS `edu_teacher`;
CREATE TABLE `edu_teacher` (
  `id` char(19) NOT NULL COMMENT '讲师ID',
  `name` varchar(20) NOT NULL COMMENT '讲师姓名',
  `intro` varchar(500) CHARACTER SET utf8 COLLATE utf8_general_ci DEFAULT '' COMMENT '璁插笀绠€浠?',
  `career` varchar(500) DEFAULT NULL COMMENT '讲师资历,一句话说明讲师',
  `level` int unsigned DEFAULT NULL COMMENT '澶磋 1楂樼骇璁插笀 2棣栧腑璁插笀',
  `avatar` varchar(255) DEFAULT NULL COMMENT '讲师头像',
  `sort` int unsigned DEFAULT '0' COMMENT '鎺掑簭',
  `is_deleted` tinyint unsigned DEFAULT '0' COMMENT '閫昏緫鍒犻櫎 1锛坱rue锛夊凡鍒犻櫎锛?0锛坒alse锛夋湭鍒犻櫎',
  `gmt_create` datetime DEFAULT NULL COMMENT '鍒涘缓鏃堕棿',
  `gmt_modified` datetime DEFAULT NULL COMMENT '鏇存柊鏃堕棿',
  PRIMARY KEY (`id`),
  UNIQUE KEY `uk_name` (`name`)
) ENGINE=InnoDB DEFAULT CHARSET=utf8mb3 COMMENT='讲师';

-- ----------------------------
-- Records of edu_teacher
-- ----------------------------
INSERT INTO `edu_teacher` VALUES ('1', '张三', '近年主持国家自然科学基金（6项）、江苏省重大科技成果转化项目（5项）、江苏省产学研前瞻性联合研究项目（3项）、省工业科技支撑、省高技术、省自然科学基金等省部级及其企业的主要科研项目40多个，多个项目在企业成功转化，产生了较好的经济、社会和环境效益。积极开展产学研科技合作，并与省内16家企业建立了江苏省研究生工作站，其中6家为江苏省优秀研究生工作站', '北京大学教授', '1', 'https://guli-file-190513.oss-cn-beijing.aliyuncs.com/avatar/default.jpg', '0', '0', '2019-10-30 14:18:46', '2019-11-12 13:36:36');
INSERT INTO `edu_teacher` VALUES ('1189389726308478977', '晴天', '高级讲师简介', '高级讲师资历', '2', 'https://online-teach-file.oss-cn-beijing.aliyuncs.com/teacher/2019/10/30/de47ee9b-7fec-43c5-8173-13c5f7f689b2.png', '1', '0', '2019-10-30 11:53:03', '2020-05-24 21:00:58');
INSERT INTO `edu_teacher` VALUES ('1189390295668469762', '李刚', '高级讲师简介', '高级讲师', '2', 'https://online-teach-file.oss-cn-beijing.aliyuncs.com/teacher/2019/10/30/b8aa36a2-db50-4eca-a6e3-cc6e608355e0.png', '2', '0', '2019-10-30 11:55:19', '2019-11-12 13:37:52');
INSERT INTO `edu_teacher` VALUES ('1189426437876985857', '王二', '高级讲师简介', '高级讲师', '1', 'https://online-teach-file.oss-cn-beijing.aliyuncs.com/teacher/2019/11/08/e44a2e92-2421-4ea3-bb49-46f2ec96ef88.png', '0', '0', '2019-10-30 14:18:56', '2019-11-12 13:37:35');
INSERT INTO `edu_teacher` VALUES ('1189426464967995393', '王五', '高级讲师简介', '高级讲师', '1', 'https://online-teach-file.oss-cn-beijing.aliyuncs.com/teacher/2019/10/30/65423f14-49a9-4092-baf5-6d0ef9686a85.png', '0', '0', '2019-10-30 14:19:02', '2019-11-12 13:37:18');
INSERT INTO `edu_teacher` VALUES ('1192249914833055746', '李四', '高级讲师简介', '高级讲师', '1', 'https://online-teach-file.oss-cn-beijing.aliyuncs.com/teacher/2019/11/07/91871e25-fd83-4af6-845f-ea8d471d825d.png', '0', '0', '2019-11-07 09:18:25', '2020-05-24 21:59:48');
INSERT INTO `edu_teacher` VALUES ('1192327476087115778', '1222', '1111', '11', '1', 'https://edu-gulixy.oss-cn-beijing.aliyuncs.com/2020/05/23/8898b457e7ff45ba8611dbf86b91fcc4file.png', '0', '1', '2019-11-07 14:26:37', '2020-05-24 21:00:49');
INSERT INTO `edu_teacher` VALUES ('1195337453429129218', 'test', 'sdfsdf', 'sdfdf', '1', 'https://guli-file-190513.oss-cn-beijing.aliyuncs.com/avatar/default.jpg', '0', '0', '2019-11-15 21:47:12', '2020-05-24 21:01:06');
INSERT INTO `edu_teacher` VALUES ('1261867124660105217', '位庆彬', '我叫为庆斌', '高级', '1', 'https://edu-gulixy.oss-cn-beijing.aliyuncs.com/2020/05/23/8898b457e7ff45ba8611dbf86b91fcc4file.png', '0', '0', '2020-05-17 11:52:21', '2020-05-17 12:03:51');
INSERT INTO `edu_teacher` VALUES ('1264031934570954754', '易中天', '11111111111111111111111111111111', '高级', '1', 'https://guli-file-190513.oss-cn-beijing.aliyuncs.com/avatar/default.jpg', '0', '0', '2020-05-23 11:14:32', '2020-05-23 11:14:32');
INSERT INTO `edu_teacher` VALUES ('1264033461868036098', '宋江', '666666666666666', '高级', '1', 'https://guli-file-190513.oss-cn-beijing.aliyuncs.com/avatar/default.jpg', '0', '0', '2020-05-23 11:20:36', '2020-05-23 11:20:36');
INSERT INTO `edu_teacher` VALUES ('1264033933152616450', '卢俊义', '6667888888', '333', '1', 'https://edu-gulixy.oss-cn-beijing.aliyuncs.com/2020/05/23/3426214798d94f918a3e9e887df45087file.png', '1', '0', '2020-05-23 11:22:28', '2020-05-24 22:35:51');
INSERT INTO `edu_teacher` VALUES ('1264198102279671810', '位哈哈', '1111111111111111', '高级', '1', 'https://edu-gulixy.oss-cn-beijing.aliyuncs.com/2020/05/23/8898b457e7ff45ba8611dbf86b91fcc4file.png', '0', '0', '2020-05-23 22:14:49', '2020-05-25 13:34:58');
INSERT INTO `edu_teacher` VALUES ('1265630107085193217', '222', '111111111', '1', '1', 'https://edu-gulixy.oss-cn-beijing.aliyuncs.com/2020/05/23/8898b457e7ff45ba8611dbf86b91fcc4file.png', '2', '0', '2020-05-27 21:05:06', '2020-05-27 21:05:06');
INSERT INTO `edu_teacher` VALUES ('1267276533380841474', '马大哈  ', '我很力哈11111666', 'junior', '1', 'https://edu-gulixy.oss-cn-beijing.aliyuncs.com/2020/06/01/12422d4c2b1345438708644d20d41e37file.png', '8', '0', '2020-06-01 10:07:25', '2021-06-16 00:18:49');
INSERT INTO `edu_teacher` VALUES ('1404960986521976833', 'rrr', '3333', null, '1', 'https://edu-gulixy.oss-cn-beijing.aliyuncs.com/2021/06/17/772ed441c33c4f938662ae464bf978d0file.png', '3', '0', '2021-06-16 00:36:17', '2021-06-16 23:34:01');

-- ----------------------------
-- Table structure for `edu_video`
-- ----------------------------
DROP TABLE IF EXISTS `edu_video`;
CREATE TABLE `edu_video` (
  `id` char(19) NOT NULL COMMENT '视频ID',
  `course_id` char(19) NOT NULL COMMENT '课程ID',
  `chapter_id` char(19) NOT NULL COMMENT '章节ID',
  `title` varchar(50) NOT NULL COMMENT '节点名称',
  `video_source_id` varchar(100) DEFAULT NULL COMMENT '云端视频资源',
  `video_original_name` varchar(100) DEFAULT NULL COMMENT '原始文件名称',
  `sort` int unsigned NOT NULL DEFAULT '0' COMMENT '排序字段',
  `play_count` bigint unsigned NOT NULL DEFAULT '0' COMMENT '播放次数',
  `is_free` tinyint unsigned NOT NULL DEFAULT '0' COMMENT '是否可以试听：0收费 1免费',
  `duration` float NOT NULL DEFAULT '0' COMMENT '视频时长（秒）',
  `status` varchar(20) NOT NULL DEFAULT 'Empty' COMMENT 'Empty未上传 Transcoding转码中  Normal正常',
  `size` bigint unsigned NOT NULL DEFAULT '0' COMMENT '视频源文件大小（字节）',
  `version` bigint unsigned NOT NULL DEFAULT '1' COMMENT '乐观锁',
  `gmt_create` datetime NOT NULL COMMENT '创建时间',
  `gmt_modified` datetime NOT NULL COMMENT '更新时间',
  PRIMARY KEY (`id`),
  KEY `idx_course_id` (`course_id`),
  KEY `idx_chapter_id` (`chapter_id`)
) ENGINE=InnoDB DEFAULT CHARSET=utf8mb3 ROW_FORMAT=COMPACT COMMENT='课程视频';

-- ----------------------------
-- Records of edu_video
-- ----------------------------
INSERT INTO `edu_video` VALUES ('1182499307429339137', '18', '32', '第一节', '', '', '0', '0', '0', '0', '', '0', '1', '2019-10-11 11:32:59', '2019-10-11 11:57:38');
INSERT INTO `edu_video` VALUES ('1185312444399071234', '14', '1', '12', '', '', '0', '0', '0', '0', 'Empty', '0', '1', '2019-10-19 05:51:23', '2019-10-19 05:51:33');
INSERT INTO `edu_video` VALUES ('1189434737808990210', '18', '44', '测试', '276e50799a55481aa2761f1b7e807cf3', '', '1', '0', '0', '0', 'Empty', '0', '1', '2019-10-30 14:51:55', '2019-10-30 14:51:55');
INSERT INTO `edu_video` VALUES ('1189476403626409986', '18', '1181729226915577857', '22', '276e50799a55481aa2761f1b7e807cf3', '视频.mp4', '0', '0', '0', '0', 'Empty', '0', '1', '2019-10-30 17:37:29', '2019-10-30 17:37:29');
INSERT INTO `edu_video` VALUES ('1192252824606289921', '1192252213659774977', '1192252428399751169', '第一课时', '756cf06db9cb4f30be85a9758b19c645', 'eae2b847ef8503b81f5d5593d769dde2.mp4', '0', '0', '0', '0', 'Empty', '0', '1', '2019-11-07 09:29:59', '2019-11-07 09:29:59');
INSERT INTO `edu_video` VALUES ('1192628092797730818', '1192252213659774977', '1192252428399751169', '第二课时', '2a02d726622f4c7089d44cb993c531e1', 'eae2b847ef8503b81f5d5593d769dde2.mp4', '1', '0', '1', '0', 'Empty', '0', '1', '2019-11-08 10:21:10', '2020-05-30 17:40:26');
INSERT INTO `edu_video` VALUES ('1192632495013380097', '1192252213659774977', '1192252428399751169', '第三课时', '4e560c892fdf4fa2b42e0671aa42fa9d', 'eae2b847ef8503b81f5d5593d769dde2.mp4', '3', '0', '1', '0', 'Empty', '0', '1', '2019-11-08 10:38:40', '2020-05-30 17:40:35');
INSERT INTO `edu_video` VALUES ('1194117638832111617', '1192252213659774977', '1192252428399751169', '第四课时', '4e560c892fdf4fa2b42e0671aa42fa9d', 'eae2b847ef8503b81f5d5593d769dde2.mp4', '4', '0', '0', '0', 'Empty', '0', '1', '2019-11-12 13:00:05', '2020-05-30 17:40:43');
INSERT INTO `edu_video` VALUES ('1196263770832023554', '1192252213659774977', '1192252428399751169', '第五课时', '27d21158b0834cb5a8d50710937de330', 'eae2b847ef8503b81f5d5593d769dde2.mp4', '5', '0', '0', '0', 'Empty', '0', '1', '2019-11-18 11:08:03', '2019-11-18 11:08:03');
INSERT INTO `edu_video` VALUES ('1266668931642970114', '1266668643049689089', '1266668760746053633', '第一节 js的发明者介绍', '276e50799a55481aa2761f1b7e807cf3', null, '1', '0', '1', '0', 'Empty', '0', '1', '2020-05-30 17:53:01', '2020-05-30 17:53:01');
INSERT INTO `edu_video` VALUES ('1266669088719654914', '1266668643049689089', '1266668828173684737', '第一节 js的变量', '276e50799a55481aa2761f1b7e807cf3', null, '1', '0', '1', '0', 'Empty', '0', '1', '2020-05-30 17:53:38', '2020-05-30 17:53:38');
INSERT INTO `edu_video` VALUES ('1266669177370464258', '1266668643049689089', '1266668828173684737', '第二节 js函数介绍', '276e50799a55481aa2761f1b7e807cf3', null, '2', '0', '0', '0', 'Empty', '0', '1', '2020-05-30 17:54:00', '2020-05-30 17:55:29');
INSERT INTO `edu_video` VALUES ('1267008362656804865', '1267008114316259329', '1267008307761754114', 'Spring3', '276e50799a55481aa2761f1b7e807cf3', null, '1', '0', '1', '0', 'Empty', '0', '1', '2020-05-31 16:21:48', '2020-05-31 16:21:54');
INSERT INTO `edu_video` VALUES ('1267039521952395266', '1267039450607284226', '1267039485642305538', '555', '276e50799a55481aa2761f1b7e807cf3', null, '1', '0', '1', '0', 'Empty', '0', '1', '2020-05-31 18:25:37', '2020-05-31 18:25:37');
INSERT INTO `edu_video` VALUES ('1267272679293616130', '1267272609399734274', '1267272639342870530', 'CC', '276e50799a55481aa2761f1b7e807cf3', null, '1', '0', '0', '0', 'Empty', '0', '1', '2020-06-01 09:52:06', '2020-06-01 09:52:06');
INSERT INTO `edu_video` VALUES ('1267454642507915265', '1267437669342420994', '1267437698970984450', '信息6666', '375b7e89057947ab95476c536b33d462', null, '12', '0', '1', '0', 'Empty', '0', '1', '2020-06-01 21:55:09', '2020-06-01 22:04:06');
INSERT INTO `edu_video` VALUES ('1267718915142438913', '1267718558907617281', '1267718604344512513', '22', '78e48d5883c44ce89dc4459ea075c3a1', 'hahahh.mp4', '2', '0', '1', '0', 'Empty', '0', '1', '2020-06-02 15:25:17', '2020-06-02 15:25:17');
INSERT INTO `edu_video` VALUES ('1267732793431556097', '1267732724565278722', '1267732755875758082', 'd', '276e50799a55481aa2761f1b7e807cf3', null, '0', '0', '1', '0', 'Empty', '0', '1', '2020-06-02 16:20:25', '2020-06-02 16:20:25');
INSERT INTO `edu_video` VALUES ('17', '18', '15', '第一节：Java简介', '276e50799a55481aa2761f1b7e807cf3', '1', '1', '1000', '0', '100', 'Draft', '0', '1', '2019-01-01 13:08:57', '2019-10-11 11:26:39');
INSERT INTO `edu_video` VALUES ('18', '18', '15', '第二节：表达式和赋值语句', '276e50799a55481aa2761f1b7e807cf3', '7 - How Do I Find Time for My ', '2', '999', '1', '100', 'Draft', '0', '1', '2019-01-01 13:09:02', '2019-03-08 03:30:27');

-- ----------------------------
-- Table structure for `statistics_daily`
-- ----------------------------
DROP TABLE IF EXISTS `statistics_daily`;
CREATE TABLE `statistics_daily` (
  `id` char(19) NOT NULL COMMENT '主键',
  `date_calculated` varchar(20) NOT NULL COMMENT '统计日期',
  `register_num` int NOT NULL DEFAULT '0' COMMENT '注册人数',
  `login_num` int NOT NULL DEFAULT '0' COMMENT '登录人数',
  `video_view_num` int NOT NULL DEFAULT '0' COMMENT '每日播放视频数',
  `course_num` int NOT NULL DEFAULT '0' COMMENT '每日新增课程数',
  `gmt_create` datetime NOT NULL COMMENT '创建时间',
  `gmt_modified` datetime NOT NULL COMMENT '更新时间',
  PRIMARY KEY (`id`),
  KEY `statistics_day` (`date_calculated`)
) ENGINE=MyISAM DEFAULT CHARSET=utf8mb3;

-- ----------------------------
-- Records of statistics_daily
-- ----------------------------
INSERT INTO `statistics_daily` VALUES ('1276754717566545922', '2020-06-01', '0', '155', '174', '101', '2020-06-27 13:50:20', '2020-06-27 15:20:53');
INSERT INTO `statistics_daily` VALUES ('1276777863589904386', '2020-06-13', '4', '118', '154', '177', '2020-06-27 15:22:18', '2020-06-27 15:24:44');
INSERT INTO `statistics_daily` VALUES ('1278314688703766530', '2020-07-01', '0', '176', '152', '100', '2020-07-01 21:09:06', '2020-07-01 21:09:06');
INSERT INTO `statistics_daily` VALUES ('1278314688703766531', '2020-07-01', '0', '117', '121', '119', '2020-07-01 21:09:06', '2020-07-01 21:09:06');
INSERT INTO `statistics_daily` VALUES ('1614', '2020-06-02', '2', '0', '0', '7', '2018-10-24 16:17:15', '2019-09-09 12:12:12');
INSERT INTO `statistics_daily` VALUES ('1615', '2020-06-03', '4', '0', '0', '7', '2018-10-24 16:17:15', '2019-09-09 12:12:12');
INSERT INTO `statistics_daily` VALUES ('1408783835913371650', '2021-06-01', '80001', '182', '187', '194', '2021-06-26 13:46:55', '2021-06-26 13:46:55');

-- ----------------------------
-- Table structure for `t_order`
-- ----------------------------
DROP TABLE IF EXISTS `t_order`;
CREATE TABLE `t_order` (
  `id` char(19) NOT NULL DEFAULT '',
  `order_no` varchar(20) NOT NULL DEFAULT '' COMMENT '订单号',
  `course_id` varchar(19) NOT NULL DEFAULT '' COMMENT '课程id',
  `course_title` varchar(100) DEFAULT NULL COMMENT '课程名称',
  `course_cover` varchar(255) DEFAULT NULL COMMENT '课程封面',
  `teacher_name` varchar(20) DEFAULT NULL COMMENT '讲师名称',
  `member_id` varchar(50) NOT NULL DEFAULT '' COMMENT '会员id',
  `nickname` varchar(50) DEFAULT NULL COMMENT '会员昵称',
  `mobile` varchar(11) DEFAULT NULL COMMENT '会员手机',
  `total_fee` decimal(10,2) DEFAULT '0.01' COMMENT '订单金额（分）',
  `pay_type` tinyint DEFAULT NULL COMMENT '支付类型（1：微信 2：支付宝）',
  `status` tinyint DEFAULT NULL COMMENT '订单状态（0：未支付 1：已支付）',
  `is_deleted` tinyint unsigned NOT NULL DEFAULT '0' COMMENT '逻辑删除 1（true）已删除， 0（false）未删除',
  `gmt_create` datetime NOT NULL COMMENT '创建时间',
  `gmt_modified` datetime NOT NULL COMMENT '更新时间',
  PRIMARY KEY (`id`),
  UNIQUE KEY `ux_order_no` (`order_no`),
  KEY `idx_course_id` (`course_id`),
  KEY `idx_member_id` (`member_id`)
) ENGINE=MyISAM DEFAULT CHARSET=utf8mb3;

-- ----------------------------
-- Records of t_order
-- ----------------------------
INSERT INTO `t_order` VALUES ('1195693605513891841', '1195693605555834880', '18', 'Java精品课程', 'http://guli-file.oss-cn-beijing.aliyuncs.com/cover/2019/03/06/866e9aca-b530-4f71-a690-72d4a4bfd1e7.jpg', '晴天', '1', '小三1231', '13700000001', '1.00', null, '0', '0', '2019-11-16 21:22:25', '2019-11-16 21:22:25');
INSERT INTO `t_order` VALUES ('1195694200178118657', '1195694200186507264', '18', 'Java精品课程', 'http://guli-file.oss-cn-beijing.aliyuncs.com/cover/2019/03/06/866e9aca-b530-4f71-a690-72d4a4bfd1e7.jpg', '晴天', '1', '小三1231', '13700000001', '1.00', null, '0', '0', '2019-11-16 21:24:47', '2019-11-16 21:24:47');
INSERT INTO `t_order` VALUES ('1196264007411744769', '1196264005255872512', '1192252213659774977', 'java基础课程：test', 'https://guli-file-190513.oss-cn-beijing.aliyuncs.com/cover/default.gif', '晴天', '1', '小三1231', '13700000001', '1.00', null, '1', '0', '2019-11-18 11:09:00', '2019-11-18 11:10:14');
INSERT INTO `t_order` VALUES ('1196265495278174209', '1196265495273979904', '18', 'Java精品课程', 'http://guli-file.oss-cn-beijing.aliyuncs.com/cover/2019/03/06/866e9aca-b530-4f71-a690-72d4a4bfd1e7.jpg', '晴天', '1', '小三1231', '13700000001', '1.00', null, '0', '0', '2019-11-18 11:14:54', '2019-11-18 11:14:54');
INSERT INTO `t_order` VALUES ('1273495073150713858', '20200618135735640', '18', 'java', 'https://online-teach-file.oss-cn-beijing.aliyuncs.com/cms/2019/11/14/297acd3b-b592-4cfb-a446-a28310369675.jpg', '1', '1271627051477749761', '哈哈', '15610718235', '0.01', '1', '0', '0', '2020-06-18 13:57:40', '2020-06-18 13:57:40');
INSERT INTO `t_order` VALUES ('1273495073150713859', '20200618135735271', '18', 'java', 'https://online-teach-file.oss-cn-beijing.aliyuncs.com/cms/2019/11/14/297acd3b-b592-4cfb-a446-a28310369675.jpg', '1', '1271627051477749761', '哈哈', '15610718235', '0.01', '1', '0', '0', '2020-06-18 13:57:40', '2020-06-18 13:57:40');
INSERT INTO `t_order` VALUES ('1273496148457013250', '20200618140014617', '18', 'java', 'https://online-teach-file.oss-cn-beijing.aliyuncs.com/cms/2019/11/14/297acd3b-b592-4cfb-a446-a28310369675.jpg', '1', '1271627051477749761', '哈哈', '15610718235', '0.01', '1', '0', '0', '2020-06-18 14:01:56', '2020-06-18 14:01:56');
INSERT INTO `t_order` VALUES ('1273498525066993666', '20200618141123097', '18', 'java', 'https://online-teach-file.oss-cn-beijing.aliyuncs.com/cms/2019/11/14/297acd3b-b592-4cfb-a446-a28310369675.jpg', '1', 'o3_SC5zsEZeFFfHqc4YXS8H9Ek9s', '且听风吟', '', '0.01', '1', '0', '0', '2020-06-18 14:11:23', '2020-06-18 14:11:23');
INSERT INTO `t_order` VALUES ('1273503290689814529', '20200618142946636', '18', 'java', 'https://online-teach-file.oss-cn-beijing.aliyuncs.com/cms/2019/11/14/297acd3b-b592-4cfb-a446-a28310369675.jpg', '', 'o3_SC5zsEZeFFfHqc4YXS8H9Ek9s', '且听风吟', '', '0.01', '1', '0', '0', '2020-06-18 14:30:19', '2020-06-18 14:30:19');
INSERT INTO `t_order` VALUES ('1273505163333312514', '20200618143739982', '18', 'java', 'https://online-teach-file.oss-cn-beijing.aliyuncs.com/cms/2019/11/14/297acd3b-b592-4cfb-a446-a28310369675.jpg', '张三', 'o3_SC5zsEZeFFfHqc4YXS8H9Ek9s', '且听风吟', '', '0.01', '1', '0', '0', '2020-06-18 14:37:46', '2020-06-18 14:37:46');
INSERT INTO `t_order` VALUES ('1273507111168090114', '20200618144530291', '18', 'java', 'https://online-teach-file.oss-cn-beijing.aliyuncs.com/cms/2019/11/14/297acd3b-b592-4cfb-a446-a28310369675.jpg', '张三', 'o3_SC5zsEZeFFfHqc4YXS8H9Ek9s', '且听风吟', '', '0.01', '1', '0', '0', '2020-06-18 14:45:30', '2020-06-18 14:45:30');
INSERT INTO `t_order` VALUES ('1273512935529619457', '20200618150839282', '18', 'java', 'https://online-teach-file.oss-cn-beijing.aliyuncs.com/cms/2019/11/14/297acd3b-b592-4cfb-a446-a28310369675.jpg', '张三', '1271627051477749761', '哈哈', '15610718235', '0.01', '1', '0', '0', '2020-06-18 15:08:39', '2020-06-18 15:08:39');
INSERT INTO `t_order` VALUES ('1273528680791629825', '20200618161112684', '18', 'java', 'https://online-teach-file.oss-cn-beijing.aliyuncs.com/cms/2019/11/14/297acd3b-b592-4cfb-a446-a28310369675.jpg', '张三', '1271627051477749761', '哈哈', '15610718235', '0.01', '1', '0', '0', '2020-06-18 16:11:13', '2020-06-18 16:11:13');
INSERT INTO `t_order` VALUES ('1273528684478423042', '20200618161114986', '18', 'java', 'https://online-teach-file.oss-cn-beijing.aliyuncs.com/cms/2019/11/14/297acd3b-b592-4cfb-a446-a28310369675.jpg', '张三', '1271627051477749761', '哈哈', '15610718235', '0.01', '1', '0', '0', '2020-06-18 16:11:14', '2020-06-18 16:11:14');
INSERT INTO `t_order` VALUES ('1273530541854646273', '20200618161836633', '18', 'java', 'https://online-teach-file.oss-cn-beijing.aliyuncs.com/cms/2019/11/14/297acd3b-b592-4cfb-a446-a28310369675.jpg', '张三', '1271627051477749761', '哈哈', '15610718235', '0.01', '1', '0', '0', '2020-06-18 16:18:36', '2020-06-18 16:18:36');
INSERT INTO `t_order` VALUES ('1273532678005284866', '20200618162706522', '18', 'java', 'https://online-teach-file.oss-cn-beijing.aliyuncs.com/cms/2019/11/14/297acd3b-b592-4cfb-a446-a28310369675.jpg', '张三', '1271627051477749761', '哈哈', '15610718235', '0.01', '1', '0', '0', '2020-06-18 16:27:06', '2020-06-18 16:27:06');
INSERT INTO `t_order` VALUES ('1273533647057281025', '20200618163057789', '18', 'java', 'https://online-teach-file.oss-cn-beijing.aliyuncs.com/cms/2019/11/14/297acd3b-b592-4cfb-a446-a28310369675.jpg', '张三', '1271627051477749761', '哈哈', '15610718235', '0.01', '1', '0', '0', '2020-06-18 16:30:57', '2020-06-18 16:30:57');
INSERT INTO `t_order` VALUES ('1273534770388361217', '20200618163525197', '18', 'java', 'https://online-teach-file.oss-cn-beijing.aliyuncs.com/cms/2019/11/14/297acd3b-b592-4cfb-a446-a28310369675.jpg', '张三', '1271627051477749761', '哈哈', '15610718235', '0.01', '1', '1', '0', '2020-06-18 16:35:25', '2020-06-18 16:41:22');
INSERT INTO `t_order` VALUES ('1273537009299447810', '20200618164418551', '18', 'java', 'https://online-teach-file.oss-cn-beijing.aliyuncs.com/cms/2019/11/14/297acd3b-b592-4cfb-a446-a28310369675.jpg', '张三', '1271627051477749761', '哈哈', '15610718235', '0.01', '1', '0', '0', '2020-06-18 16:44:18', '2020-06-18 16:44:18');
INSERT INTO `t_order` VALUES ('1273537179730796546', '20200618164459214', '18', 'java', 'https://online-teach-file.oss-cn-beijing.aliyuncs.com/cms/2019/11/14/297acd3b-b592-4cfb-a446-a28310369675.jpg', '张三', '1271627051477749761', '哈哈', '15610718235', '0.01', '1', '0', '0', '2020-06-18 16:44:59', '2020-06-18 16:44:59');
INSERT INTO `t_order` VALUES ('1273538000333791234', '20200618164815902', '18', 'java', 'https://online-teach-file.oss-cn-beijing.aliyuncs.com/cms/2019/11/14/297acd3b-b592-4cfb-a446-a28310369675.jpg', '张三', '1271627051477749761', '哈哈', '15610718235', '0.01', '1', '0', '0', '2020-06-18 16:48:15', '2020-06-18 16:48:15');
INSERT INTO `t_order` VALUES ('1273538176536502273', '20200618164857821', '18', 'java', 'https://online-teach-file.oss-cn-beijing.aliyuncs.com/cms/2019/11/14/297acd3b-b592-4cfb-a446-a28310369675.jpg', '张三', '1271627051477749761', '哈哈', '15610718235', '0.01', '1', '0', '0', '2020-06-18 16:48:57', '2020-06-18 16:48:57');
INSERT INTO `t_order` VALUES ('1273538739793780738', '20200618165111253', '18', 'java', 'https://online-teach-file.oss-cn-beijing.aliyuncs.com/cms/2019/11/14/297acd3b-b592-4cfb-a446-a28310369675.jpg', '张三', '1271627051477749761', '哈哈', '15610718235', '0.01', '1', '0', '0', '2020-06-18 16:51:11', '2020-06-18 16:51:11');
INSERT INTO `t_order` VALUES ('1273542030728585217', '20200618170416540', '18', 'java', 'https://online-teach-file.oss-cn-beijing.aliyuncs.com/cms/2019/11/14/297acd3b-b592-4cfb-a446-a28310369675.jpg', '张三', '1271627051477749761', '哈哈', '15610718235', '0.01', '1', '1', '0', '2020-06-18 17:04:16', '2020-06-18 17:04:52');
INSERT INTO `t_order` VALUES ('1273545955645022210', '20200618171951224', '18', 'java', 'https://online-teach-file.oss-cn-beijing.aliyuncs.com/cms/2019/11/14/297acd3b-b592-4cfb-a446-a28310369675.jpg', '张三', '1271627051477749761', '哈哈', '15610718235', '0.01', '1', '0', '0', '2020-06-18 17:19:51', '2020-06-18 17:19:51');
INSERT INTO `t_order` VALUES ('1273565215041695746', '20200618183623289', '1267735099590025218', '111', 'https://online-teach-file.oss-cn-beijing.aliyuncs.com/cms/2019/11/14/297acd3b-b592-4cfb-a446-a28310369675.jpg', '王五', '1271627051477749761', '哈哈', '15610718235', '0.01', '1', '1', '0', '2020-06-18 18:36:23', '2020-06-18 18:36:46');
INSERT INTO `t_order` VALUES ('1273598264349470722', '20200618204742241', '1267735099590025218', '111', 'https://online-teach-file.oss-cn-beijing.aliyuncs.com/cms/2019/11/14/297acd3b-b592-4cfb-a446-a28310369675.jpg', '王五', '1271627051477749761', '哈哈', '15610718235', '0.01', '1', '0', '0', '2020-06-18 20:47:43', '2020-06-18 20:47:43');
INSERT INTO `t_order` VALUES ('1273598264349470723', '20200618204742016', '1267735099590025218', '111', 'https://online-teach-file.oss-cn-beijing.aliyuncs.com/cms/2019/11/14/297acd3b-b592-4cfb-a446-a28310369675.jpg', '王五', '1271627051477749761', '哈哈', '15610718235', '0.01', '1', '0', '0', '2020-06-18 20:47:43', '2020-06-18 20:47:43');
INSERT INTO `t_order` VALUES ('1273598508051116033', '20200618204841271', '18', 'java', 'https://online-teach-file.oss-cn-beijing.aliyuncs.com/cms/2019/11/14/297acd3b-b592-4cfb-a446-a28310369675.jpg', '张三', '1271627051477749761', '哈哈', '15610718235', '0.01', '1', '0', '0', '2020-06-18 20:48:41', '2020-06-18 20:48:41');
INSERT INTO `t_order` VALUES ('1273603964538630146', '20200618211022265', '1266379942260350978', 'java从入门到放弃', 'https://online-teach-file.oss-cn-beijing.aliyuncs.com/cms/2019/11/14/297acd3b-b592-4cfb-a446-a28310369675.jpg', '张三', '1271627051477749761', '哈哈', '15610718235', '0.01', '1', '0', '0', '2020-06-18 21:10:22', '2020-06-18 21:10:22');
INSERT INTO `t_order` VALUES ('1273606442143363074', '20200618212012188', '1266379942260350978', 'java从入门到放弃', 'https://online-teach-file.oss-cn-beijing.aliyuncs.com/cms/2019/11/14/297acd3b-b592-4cfb-a446-a28310369675.jpg', '张三', '1271627051477749761', '哈哈', '15610718235', '0.01', '1', '0', '0', '2020-06-18 21:20:12', '2020-06-18 21:20:12');
INSERT INTO `t_order` VALUES ('1273607729975046145', '20200618212519515', '1266575349078810625', 'Python', 'https://online-teach-file.oss-cn-beijing.aliyuncs.com/cms/2019/11/14/297acd3b-b592-4cfb-a446-a28310369675.jpg', '张三', '1271627051477749761', '哈哈', '15610718235', '0.01', '1', '1', '0', '2020-06-18 21:25:19', '2020-06-18 21:37:10');
INSERT INTO `t_order` VALUES ('1273615394302242818', '20200618215547760', '1266668643049689089', 'JS', 'https://online-teach-file.oss-cn-beijing.aliyuncs.com/cms/2019/11/14/297acd3b-b592-4cfb-a446-a28310369675.jpg', '张三', '1271627051477749761', '哈哈', '15610718235', '0.01', '1', '0', '0', '2020-06-18 21:55:47', '2020-06-18 21:55:47');
INSERT INTO `t_order` VALUES ('1273617402253979649', '20200618220346390', '1266668643049689089', 'JS', 'https://online-teach-file.oss-cn-beijing.aliyuncs.com/cms/2019/11/14/297acd3b-b592-4cfb-a446-a28310369675.jpg', '张三', '1271627051477749761', '哈哈', '15610718235', '0.01', '1', '0', '0', '2020-06-18 22:03:46', '2020-06-18 22:03:46');
INSERT INTO `t_order` VALUES ('1273617759218610178', '20200618220511340', '1266668643049689089', 'JS', 'https://online-teach-file.oss-cn-beijing.aliyuncs.com/cms/2019/11/14/297acd3b-b592-4cfb-a446-a28310369675.jpg', '张三', '1271627051477749761', '哈哈', '15610718235', '0.01', '1', '0', '0', '2020-06-18 22:05:11', '2020-06-18 22:05:11');
INSERT INTO `t_order` VALUES ('1273619080403398657', '20200618221026135', '1266668643049689089', 'JS', 'https://online-teach-file.oss-cn-beijing.aliyuncs.com/cms/2019/11/14/297acd3b-b592-4cfb-a446-a28310369675.jpg', '张三', '1271627051477749761', '哈哈', '15610718235', '0.01', '1', '0', '0', '2020-06-18 22:10:26', '2020-06-18 22:10:26');
INSERT INTO `t_order` VALUES ('1273619330664935426', '20200618221125090', '1266668643049689089', 'JS', 'https://online-teach-file.oss-cn-beijing.aliyuncs.com/cms/2019/11/14/297acd3b-b592-4cfb-a446-a28310369675.jpg', '张三', '1271627051477749761', '哈哈', '15610718235', '0.01', '1', '0', '0', '2020-06-18 22:11:25', '2020-06-18 22:11:25');
INSERT INTO `t_order` VALUES ('1273619714426974209', '20200618221257714', '1266668643049689089', 'JS', 'https://online-teach-file.oss-cn-beijing.aliyuncs.com/cms/2019/11/14/297acd3b-b592-4cfb-a446-a28310369675.jpg', '张三', '1271627051477749761', '哈哈', '15610718235', '0.01', '1', '0', '0', '2020-06-18 22:12:57', '2020-06-18 22:12:57');
INSERT INTO `t_order` VALUES ('1273796878170492930', '20200619095656101', '18', 'java', 'https://online-teach-file.oss-cn-beijing.aliyuncs.com/cms/2019/11/14/297acd3b-b592-4cfb-a446-a28310369675.jpg', '张三', '1271627051477749761', '哈哈', '15610718235', '0.01', '1', '0', '0', '2020-06-19 09:56:56', '2020-06-19 09:56:56');
INSERT INTO `t_order` VALUES ('1273796878170492929', '20200619095656079', '18', 'java', 'https://online-teach-file.oss-cn-beijing.aliyuncs.com/cms/2019/11/14/297acd3b-b592-4cfb-a446-a28310369675.jpg', '张三', '1271627051477749761', '哈哈', '15610718235', '0.01', '1', '0', '0', '2020-06-19 09:56:56', '2020-06-19 09:56:56');
INSERT INTO `t_order` VALUES ('1273800271710621698', '20200619101025187', '1266668643049689089', 'JS', 'https://online-teach-file.oss-cn-beijing.aliyuncs.com/cms/2019/11/14/297acd3b-b592-4cfb-a446-a28310369675.jpg', '张三', '1271627051477749761', '哈哈', '15610718235', '0.01', '1', '0', '0', '2020-06-19 10:10:25', '2020-06-19 10:10:25');
INSERT INTO `t_order` VALUES ('1273801923721138178', '20200619101659315', '1266668643049689089', 'JS', 'https://online-teach-file.oss-cn-beijing.aliyuncs.com/cms/2019/11/14/297acd3b-b592-4cfb-a446-a28310369675.jpg', '张三', '1271627051477749761', '哈哈', '15610718235', '0.01', '1', '0', '0', '2020-06-19 10:16:59', '2020-06-19 10:16:59');
INSERT INTO `t_order` VALUES ('1273803817642332161', '20200619102430314', '1266668643049689089', 'JS', 'https://online-teach-file.oss-cn-beijing.aliyuncs.com/cms/2019/11/14/297acd3b-b592-4cfb-a446-a28310369675.jpg', '张三', '1271627051477749761', '哈哈', '15610718235', '0.01', '1', '0', '0', '2020-06-19 10:24:30', '2020-06-19 10:24:30');
INSERT INTO `t_order` VALUES ('1273811420917239810', '20200619105443136', '1266668643049689089', 'JS', 'https://online-teach-file.oss-cn-beijing.aliyuncs.com/cms/2019/11/14/297acd3b-b592-4cfb-a446-a28310369675.jpg', '张三', '1271627051477749761', '哈哈', '15610718235', '0.01', '1', '0', '0', '2020-06-19 10:54:43', '2020-06-19 10:54:43');
INSERT INTO `t_order` VALUES ('1273813268860473345', '20200619110204270', '1266668643049689089', 'JS', 'https://online-teach-file.oss-cn-beijing.aliyuncs.com/cms/2019/11/14/297acd3b-b592-4cfb-a446-a28310369675.jpg', '张三', '1271627051477749761', '哈哈', '15610718235', '0.01', '1', '0', '0', '2020-06-19 11:02:04', '2020-06-19 11:02:04');
INSERT INTO `t_order` VALUES ('1273813279815995393', '20200619110206220', '1266668643049689089', 'JS', 'https://online-teach-file.oss-cn-beijing.aliyuncs.com/cms/2019/11/14/297acd3b-b592-4cfb-a446-a28310369675.jpg', '张三', '1271627051477749761', '哈哈', '15610718235', '0.01', '1', '0', '0', '2020-06-19 11:02:06', '2020-06-19 11:02:06');
INSERT INTO `t_order` VALUES ('1273813290318532609', '20200619110209152', '1266668643049689089', 'JS', 'https://online-teach-file.oss-cn-beijing.aliyuncs.com/cms/2019/11/14/297acd3b-b592-4cfb-a446-a28310369675.jpg', '张三', '1271627051477749761', '哈哈', '15610718235', '0.01', '1', '0', '0', '2020-06-19 11:02:09', '2020-06-19 11:02:09');
INSERT INTO `t_order` VALUES ('1273813312430903298', '20200619110214104', '1266668643049689089', 'JS', 'https://online-teach-file.oss-cn-beijing.aliyuncs.com/cms/2019/11/14/297acd3b-b592-4cfb-a446-a28310369675.jpg', '张三', '1271627051477749761', '哈哈', '15610718235', '0.01', '1', '0', '0', '2020-06-19 11:02:14', '2020-06-19 11:02:14');
INSERT INTO `t_order` VALUES ('1273813430257291266', '20200619110242627', '1266668643049689089', 'JS', 'https://online-teach-file.oss-cn-beijing.aliyuncs.com/cms/2019/11/14/297acd3b-b592-4cfb-a446-a28310369675.jpg', '张三', '1271627051477749761', '哈哈', '15610718235', '0.01', '1', '0', '0', '2020-06-19 11:02:42', '2020-06-19 11:02:42');
INSERT INTO `t_order` VALUES ('1273813809162326017', '20200619110413447', '1266668643049689089', 'JS', 'https://online-teach-file.oss-cn-beijing.aliyuncs.com/cms/2019/11/14/297acd3b-b592-4cfb-a446-a28310369675.jpg', '张三', '1271627051477749761', '哈哈', '15610718235', '0.01', '1', '0', '0', '2020-06-19 11:04:13', '2020-06-19 11:04:13');
INSERT INTO `t_order` VALUES ('1273813834797912065', '20200619110419624', '1266668643049689089', 'JS', 'https://online-teach-file.oss-cn-beijing.aliyuncs.com/cms/2019/11/14/297acd3b-b592-4cfb-a446-a28310369675.jpg', '张三', '1271627051477749761', '哈哈', '15610718235', '0.01', '1', '0', '0', '2020-06-19 11:04:19', '2020-06-19 11:04:19');
INSERT INTO `t_order` VALUES ('1273813847737339905', '20200619110422615', '1266668643049689089', 'JS', 'https://online-teach-file.oss-cn-beijing.aliyuncs.com/cms/2019/11/14/297acd3b-b592-4cfb-a446-a28310369675.jpg', '张三', '1271627051477749761', '哈哈', '15610718235', '0.01', '1', '0', '0', '2020-06-19 11:04:22', '2020-06-19 11:04:22');
INSERT INTO `t_order` VALUES ('1273813855345807361', '20200619110424855', '1266668643049689089', 'JS', 'https://online-teach-file.oss-cn-beijing.aliyuncs.com/cms/2019/11/14/297acd3b-b592-4cfb-a446-a28310369675.jpg', '张三', '1271627051477749761', '哈哈', '15610718235', '0.01', '1', '0', '0', '2020-06-19 11:04:24', '2020-06-19 11:04:24');
INSERT INTO `t_order` VALUES ('1273813888979931137', '20200619110432798', '1266668643049689089', 'JS', 'https://online-teach-file.oss-cn-beijing.aliyuncs.com/cms/2019/11/14/297acd3b-b592-4cfb-a446-a28310369675.jpg', '张三', '1271627051477749761', '哈哈', '15610718235', '0.01', '1', '0', '0', '2020-06-19 11:04:32', '2020-06-19 11:04:32');
INSERT INTO `t_order` VALUES ('1273814272733581314', '20200619110603874', '1266668643049689089', 'JS', 'https://online-teach-file.oss-cn-beijing.aliyuncs.com/cms/2019/11/14/297acd3b-b592-4cfb-a446-a28310369675.jpg', '张三', '1271627051477749761', '哈哈', '15610718235', '0.01', '1', '0', '0', '2020-06-19 11:06:03', '2020-06-19 11:06:03');
INSERT INTO `t_order` VALUES ('1273814285400379394', '20200619110606359', '1266668643049689089', 'JS', 'https://online-teach-file.oss-cn-beijing.aliyuncs.com/cms/2019/11/14/297acd3b-b592-4cfb-a446-a28310369675.jpg', '张三', '1271627051477749761', '哈哈', '15610718235', '0.01', '1', '0', '0', '2020-06-19 11:06:06', '2020-06-19 11:06:06');
INSERT INTO `t_order` VALUES ('1273814334838640641', '20200619110618391', '1266668643049689089', 'JS', 'https://online-teach-file.oss-cn-beijing.aliyuncs.com/cms/2019/11/14/297acd3b-b592-4cfb-a446-a28310369675.jpg', '张三', '1271627051477749761', '哈哈', '15610718235', '0.01', '1', '0', '0', '2020-06-19 11:06:18', '2020-06-19 11:06:18');
INSERT INTO `t_order` VALUES ('1273814786040893442', '20200619110805750', '1266668643049689089', 'JS', 'https://online-teach-file.oss-cn-beijing.aliyuncs.com/cms/2019/11/14/297acd3b-b592-4cfb-a446-a28310369675.jpg', '张三', '1271627051477749761', '哈哈', '15610718235', '0.01', '1', '0', '0', '2020-06-19 11:08:05', '2020-06-19 11:08:05');
INSERT INTO `t_order` VALUES ('1273815078337744897', '20200619110915049', '1266668643049689089', 'JS', 'https://online-teach-file.oss-cn-beijing.aliyuncs.com/cms/2019/11/14/297acd3b-b592-4cfb-a446-a28310369675.jpg', '张三', '1271627051477749761', '哈哈', '15610718235', '0.01', '1', '0', '0', '2020-06-19 11:09:15', '2020-06-19 11:09:15');
INSERT INTO `t_order` VALUES ('1273815087628128258', '20200619110917116', '1266668643049689089', 'JS', 'https://online-teach-file.oss-cn-beijing.aliyuncs.com/cms/2019/11/14/297acd3b-b592-4cfb-a446-a28310369675.jpg', '张三', '1271627051477749761', '哈哈', '15610718235', '0.01', '1', '0', '0', '2020-06-19 11:09:17', '2020-06-19 11:09:17');
INSERT INTO `t_order` VALUES ('1273815585059999746', '20200619111116938', '1266668643049689089', 'JS', 'https://online-teach-file.oss-cn-beijing.aliyuncs.com/cms/2019/11/14/297acd3b-b592-4cfb-a446-a28310369675.jpg', '张三', '1271627051477749761', '哈哈', '15610718235', '0.01', '1', '0', '0', '2020-06-19 11:11:16', '2020-06-19 11:11:16');
INSERT INTO `t_order` VALUES ('1273815672263774209', '20200619111137639', '1266668643049689089', 'JS', 'https://online-teach-file.oss-cn-beijing.aliyuncs.com/cms/2019/11/14/297acd3b-b592-4cfb-a446-a28310369675.jpg', '张三', '1271627051477749761', '哈哈', '15610718235', '0.01', '1', '0', '0', '2020-06-19 11:11:37', '2020-06-19 11:11:37');
INSERT INTO `t_order` VALUES ('1273815917152407553', '20200619111235754', '1266668643049689089', 'JS', 'https://online-teach-file.oss-cn-beijing.aliyuncs.com/cms/2019/11/14/297acd3b-b592-4cfb-a446-a28310369675.jpg', '张三', '1271627051477749761', '哈哈', '15610718235', '0.01', '1', '0', '0', '2020-06-19 11:12:35', '2020-06-19 11:12:35');
INSERT INTO `t_order` VALUES ('1273815964178944002', '20200619111246522', '1266668643049689089', 'JS', 'https://online-teach-file.oss-cn-beijing.aliyuncs.com/cms/2019/11/14/297acd3b-b592-4cfb-a446-a28310369675.jpg', '张三', '1271627051477749761', '哈哈', '15610718235', '0.01', '1', '0', '0', '2020-06-19 11:12:46', '2020-06-19 11:12:46');
INSERT INTO `t_order` VALUES ('1273816172178673665', '20200619111336502', '1266668643049689089', 'JS', 'https://online-teach-file.oss-cn-beijing.aliyuncs.com/cms/2019/11/14/297acd3b-b592-4cfb-a446-a28310369675.jpg', '张三', '1271627051477749761', '哈哈', '15610718235', '0.01', '1', '0', '0', '2020-06-19 11:13:36', '2020-06-19 11:13:36');
INSERT INTO `t_order` VALUES ('1273817449029668866', '20200619111840925', '1266668643049689089', 'JS', 'https://online-teach-file.oss-cn-beijing.aliyuncs.com/cms/2019/11/14/297acd3b-b592-4cfb-a446-a28310369675.jpg', '张三', '1271627051477749761', '哈哈', '15610718235', '0.01', '1', '0', '0', '2020-06-19 11:18:40', '2020-06-19 11:18:40');
INSERT INTO `t_order` VALUES ('1273817612158734337', '20200619111919839', '1266668643049689089', 'JS', 'https://online-teach-file.oss-cn-beijing.aliyuncs.com/cms/2019/11/14/297acd3b-b592-4cfb-a446-a28310369675.jpg', '张三', '1271627051477749761', '哈哈', '15610718235', '0.01', '1', '0', '0', '2020-06-19 11:19:19', '2020-06-19 11:19:19');
INSERT INTO `t_order` VALUES ('1273817720979951617', '20200619111945856', '1266668643049689089', 'JS', 'https://online-teach-file.oss-cn-beijing.aliyuncs.com/cms/2019/11/14/297acd3b-b592-4cfb-a446-a28310369675.jpg', '张三', '1271627051477749761', '哈哈', '15610718235', '0.01', '1', '0', '0', '2020-06-19 11:19:45', '2020-06-19 11:19:45');
INSERT INTO `t_order` VALUES ('1273819347677843457', '20200619112613733', '1266668643049689089', 'JS', 'https://online-teach-file.oss-cn-beijing.aliyuncs.com/cms/2019/11/14/297acd3b-b592-4cfb-a446-a28310369675.jpg', '张三', '1271627051477749761', '哈哈', '15610718235', '0.01', '1', '0', '0', '2020-06-19 11:26:13', '2020-06-19 11:26:13');
INSERT INTO `t_order` VALUES ('1273844352453152769', '20200619130535410', '1266668643049689089', 'JS', 'https://online-teach-file.oss-cn-beijing.aliyuncs.com/cms/2019/11/14/297acd3b-b592-4cfb-a446-a28310369675.jpg', '张三', '1271627051477749761', '哈哈', '15610718235', '0.01', '1', '0', '0', '2020-06-19 13:05:35', '2020-06-19 13:05:35');
INSERT INTO `t_order` VALUES ('1273845960746438657', '20200619131158207', '1266668643049689089', 'JS', 'https://online-teach-file.oss-cn-beijing.aliyuncs.com/cms/2019/11/14/297acd3b-b592-4cfb-a446-a28310369675.jpg', '张三', '1271627051477749761', '哈哈', '15610718235', '0.01', '1', '0', '0', '2020-06-19 13:11:58', '2020-06-19 13:11:58');
INSERT INTO `t_order` VALUES ('1273846060302438402', '20200619131222375', '1266668643049689089', 'JS', 'https://online-teach-file.oss-cn-beijing.aliyuncs.com/cms/2019/11/14/297acd3b-b592-4cfb-a446-a28310369675.jpg', '张三', '1271627051477749761', '哈哈', '15610718235', '0.01', '1', '0', '0', '2020-06-19 13:12:22', '2020-06-19 13:12:22');
INSERT INTO `t_order` VALUES ('1273846771786420226', '20200619131511836', '1266668643049689089', 'JS', 'https://online-teach-file.oss-cn-beijing.aliyuncs.com/cms/2019/11/14/297acd3b-b592-4cfb-a446-a28310369675.jpg', '张三', '1271627051477749761', '哈哈', '15610718235', '0.01', '1', '0', '0', '2020-06-19 13:15:11', '2020-06-19 13:15:11');
INSERT INTO `t_order` VALUES ('1273848884377653250', '20200619132335996', '1266668643049689089', 'JS', 'https://online-teach-file.oss-cn-beijing.aliyuncs.com/cms/2019/11/14/297acd3b-b592-4cfb-a446-a28310369675.jpg', '张三', '1271627051477749761', '哈哈', '15610718235', '0.01', '1', '0', '0', '2020-06-19 13:23:35', '2020-06-19 13:23:35');
INSERT INTO `t_order` VALUES ('1273850232800251905', '20200619132857758', '1266668643049689089', 'JS', 'https://online-teach-file.oss-cn-beijing.aliyuncs.com/cms/2019/11/14/297acd3b-b592-4cfb-a446-a28310369675.jpg', '张三', '1271627051477749761', '哈哈', '15610718235', '0.01', '1', '0', '0', '2020-06-19 13:28:57', '2020-06-19 13:28:57');
INSERT INTO `t_order` VALUES ('1275606760360140801', '20200624094845559', '18', 'java', 'https://online-teach-file.oss-cn-beijing.aliyuncs.com/cms/2019/11/14/297acd3b-b592-4cfb-a446-a28310369675.jpg', '张三', 'o3_SC5zsEZeFFfHqc4YXS8H9Ek9s', '且听风吟', '', '0.01', '1', '1', '0', '2020-06-24 09:48:45', '2020-06-24 09:49:03');
INSERT INTO `t_order` VALUES ('1279422884772212738', '20200704223240627', '1266575349078810625', 'Python', 'https://online-teach-file.oss-cn-beijing.aliyuncs.com/cms/2019/11/14/297acd3b-b592-4cfb-a446-a28310369675.jpg', '张三', 'o3_SC5zsEZeFFfHqc4YXS8H9Ek9s', '且听风吟', '15610715478', '0.01', '1', '0', '0', '2020-07-04 22:32:40', '2020-07-04 22:32:40');
INSERT INTO `t_order` VALUES ('1279423217565069314', '20200704223400126', '1266668643049689089', 'JS', 'https://online-teach-file.oss-cn-beijing.aliyuncs.com/cms/2019/11/14/297acd3b-b592-4cfb-a446-a28310369675.jpg', '张三', 'o3_SC5zsEZeFFfHqc4YXS8H9Ek9s', '且听风吟', '15610715478', '0.01', '1', '0', '0', '2020-07-04 22:34:00', '2020-07-04 22:34:00');
INSERT INTO `t_order` VALUES ('1287237263228014594', '20200726120413674', '1266575349078810625', 'Python', 'https://online-teach-file.oss-cn-beijing.aliyuncs.com/cms/2019/11/14/297acd3b-b592-4cfb-a446-a28310369675.jpg', '张三', 'o3_SC5zsEZeFFfHqc4YXS8H9Ek9s', '且听风吟', '15610715478', '0.01', '1', '0', '0', '2020-07-26 12:04:13', '2020-07-26 12:04:13');
INSERT INTO `t_order` VALUES ('1406533250996555777', '20210620164353956', '18', 'java', 'https://online-teach-file.oss-cn-beijing.aliyuncs.com/cms/2019/11/14/297acd3b-b592-4cfb-a446-a28310369675.jpg', '张三', '1287287067261943810', 'wei', '15610718235', '0.01', '1', '1', '0', '2021-06-20 08:43:54', '2021-06-20 08:44:26');
INSERT INTO `t_order` VALUES ('1407851738902085633', '20210624080305094', '1266575349078810625', 'Python', 'https://online-teach-file.oss-cn-beijing.aliyuncs.com/cms/2019/11/14/297acd3b-b592-4cfb-a446-a28310369675.jpg', '张三', '1407669524230959106', '哈哈', '15610718235', '0.01', '1', '0', '0', '2021-06-24 00:03:06', '2021-06-24 00:03:06');
INSERT INTO `t_order` VALUES ('1407852262611271681', '20210624080510153', '1266575349078810625', 'Python', 'https://online-teach-file.oss-cn-beijing.aliyuncs.com/cms/2019/11/14/297acd3b-b592-4cfb-a446-a28310369675.jpg', '张三', '1407669524230959106', '哈哈', '15610718235', '0.01', '1', '0', '0', '2021-06-24 00:05:11', '2021-06-24 00:05:11');
INSERT INTO `t_order` VALUES ('1407853810955423745', '20210624081119671', '1266575349078810625', 'Python', 'https://online-teach-file.oss-cn-beijing.aliyuncs.com/cms/2019/11/14/297acd3b-b592-4cfb-a446-a28310369675.jpg', '张三', '1407669524230959106', '哈哈', '15610718235', '0.01', '1', '0', '0', '2021-06-24 08:11:20', '2021-06-24 08:11:20');
INSERT INTO `t_order` VALUES ('1407854055185551362', '20210624081218384', '1266575349078810625', 'Python', 'https://online-teach-file.oss-cn-beijing.aliyuncs.com/cms/2019/11/14/297acd3b-b592-4cfb-a446-a28310369675.jpg', '张三', '1407669524230959106', '哈哈', '15610718235', '0.01', '1', '1', '0', '2021-06-24 08:12:18', '2021-06-24 08:19:34');

-- ----------------------------
-- Table structure for `t_pay_log`
-- ----------------------------
DROP TABLE IF EXISTS `t_pay_log`;
CREATE TABLE `t_pay_log` (
  `id` char(19) NOT NULL DEFAULT '',
  `order_no` varchar(20) NOT NULL DEFAULT '' COMMENT '订单号',
  `pay_time` datetime DEFAULT NULL COMMENT '支付完成时间',
  `total_fee` decimal(10,2) DEFAULT '0.01' COMMENT '支付金额（分）',
  `transaction_id` varchar(30) DEFAULT NULL COMMENT '交易流水号',
  `trade_state` char(20) DEFAULT NULL COMMENT '交易状态',
  `pay_type` tinyint NOT NULL DEFAULT '0' COMMENT '支付类型（1：微信 2：支付宝）',
  `attr` text COMMENT '其他属性',
  `is_deleted` tinyint unsigned NOT NULL DEFAULT '0' COMMENT '逻辑删除 1（true）已删除， 0（false）未删除',
  `gmt_create` datetime NOT NULL COMMENT '创建时间',
  `gmt_modified` datetime NOT NULL COMMENT '更新时间',
  PRIMARY KEY (`id`),
  UNIQUE KEY `uk_order_no` (`order_no`)
) ENGINE=MyISAM DEFAULT CHARSET=utf8mb3;

-- ----------------------------
-- Records of t_pay_log
-- ----------------------------
INSERT INTO `t_pay_log` VALUES ('1194498446013001730', '1194498300579704832', '2019-11-13 14:13:17', '1.00', '4200000469201911130676624386', 'SUCCESS', '1', '{\"transaction_id\":\"4200000469201911130676624386\",\"nonce_str\":\"2Lc23ILl231It53M\",\"trade_state\":\"SUCCESS\",\"bank_type\":\"CFT\",\"openid\":\"oNpSGwR-QGG5DaZtDkh2UZlsFDQE\",\"sign\":\"5404850AA3ED0E844DE104651477F07A\",\"return_msg\":\"OK\",\"fee_type\":\"CNY\",\"mch_id\":\"1473426802\",\"cash_fee\":\"1\",\"out_trade_no\":\"1194498300579704832\",\"cash_fee_type\":\"CNY\",\"appid\":\"wx8397f8696b538317\",\"total_fee\":\"1\",\"trade_state_desc\":\"支付成功\",\"trade_type\":\"NATIVE\",\"result_code\":\"SUCCESS\",\"attach\":\"\",\"time_end\":\"20191113141314\",\"is_subscribe\":\"N\",\"return_code\":\"SUCCESS\"}', '0', '2019-11-13 14:13:17', '2019-11-13 14:13:17');
INSERT INTO `t_pay_log` VALUES ('1195253787449430017', '1195253049260314624', '2019-11-15 16:14:44', '1.00', '4200000454201911150981874895', 'SUCCESS', '1', '{\"transaction_id\":\"4200000454201911150981874895\",\"nonce_str\":\"MAM5UM4Xhv1lItvO\",\"trade_state\":\"SUCCESS\",\"bank_type\":\"CFT\",\"openid\":\"oNpSGwR-QGG5DaZtDkh2UZlsFDQE\",\"sign\":\"7DBDCAF4A078B30BB3EF073E6A238C20\",\"return_msg\":\"OK\",\"fee_type\":\"CNY\",\"mch_id\":\"1473426802\",\"cash_fee\":\"1\",\"out_trade_no\":\"1195253049260314624\",\"cash_fee_type\":\"CNY\",\"appid\":\"wx8397f8696b538317\",\"total_fee\":\"1\",\"trade_state_desc\":\"支付成功\",\"trade_type\":\"NATIVE\",\"result_code\":\"SUCCESS\",\"attach\":\"\",\"time_end\":\"20191115161440\",\"is_subscribe\":\"N\",\"return_code\":\"SUCCESS\"}', '0', '2019-11-15 16:14:44', '2019-11-15 16:14:44');
INSERT INTO `t_pay_log` VALUES ('1196264321397342210', '1196264005255872512', '2019-11-18 11:10:14', '1.00', '4200000453201911184025781554', 'SUCCESS', '1', '{\"transaction_id\":\"4200000453201911184025781554\",\"nonce_str\":\"D1dHexCLIFIxAAg2\",\"trade_state\":\"SUCCESS\",\"bank_type\":\"CFT\",\"openid\":\"oNpSGwR-QGG5DaZtDkh2UZlsFDQE\",\"sign\":\"C9F5CA1EE49EA7891736D73BEB423962\",\"return_msg\":\"OK\",\"fee_type\":\"CNY\",\"mch_id\":\"1473426802\",\"cash_fee\":\"1\",\"out_trade_no\":\"1196264005255872512\",\"cash_fee_type\":\"CNY\",\"appid\":\"wx8397f8696b538317\",\"total_fee\":\"1\",\"trade_state_desc\":\"支付成功\",\"trade_type\":\"NATIVE\",\"result_code\":\"SUCCESS\",\"attach\":\"\",\"time_end\":\"20191118111011\",\"is_subscribe\":\"N\",\"return_code\":\"SUCCESS\"}', '0', '2019-11-18 11:10:14', '2019-11-18 11:10:14');
INSERT INTO `t_pay_log` VALUES ('1273536270837702657', '20200618163525197', '2020-06-18 16:41:22', '0.01', '4200000607202006181658333477', 'SUCCESS', '1', '{\"transaction_id\":\"4200000607202006181658333477\",\"nonce_str\":\"CZwrjycYqHrCCrab\",\"trade_state\":\"SUCCESS\",\"bank_type\":\"OTHERS\",\"openid\":\"oHwsHuMbkx1j2nBIthwY_g8bUVME\",\"sign\":\"ED0A6A632FBE2F719B5B6C1BFC83CD35\",\"return_msg\":\"OK\",\"fee_type\":\"CNY\",\"mch_id\":\"1558950191\",\"cash_fee\":\"1\",\"out_trade_no\":\"20200618163525197\",\"cash_fee_type\":\"CNY\",\"appid\":\"wx74862e0dfcf69954\",\"total_fee\":\"1\",\"trade_state_desc\":\"支付成功\",\"trade_type\":\"NATIVE\",\"result_code\":\"SUCCESS\",\"attach\":\"\",\"time_end\":\"20200618164229\",\"is_subscribe\":\"N\",\"return_code\":\"SUCCESS\"}', '0', '2020-06-18 16:41:22', '2020-06-18 16:41:22');
INSERT INTO `t_pay_log` VALUES ('1273542184554684417', '20200618170416540', '2020-06-18 17:04:52', '0.01', '4200000609202006188390919242', 'SUCCESS', '1', '{\"transaction_id\":\"4200000609202006188390919242\",\"nonce_str\":\"pygNrp4yCr1GLuJA\",\"trade_state\":\"SUCCESS\",\"bank_type\":\"OTHERS\",\"openid\":\"oHwsHuMbkx1j2nBIthwY_g8bUVME\",\"sign\":\"20E1682E666B9D918DB1CCA12B6022CA\",\"return_msg\":\"OK\",\"fee_type\":\"CNY\",\"mch_id\":\"1558950191\",\"cash_fee\":\"1\",\"out_trade_no\":\"20200618170416540\",\"cash_fee_type\":\"CNY\",\"appid\":\"wx74862e0dfcf69954\",\"total_fee\":\"1\",\"trade_state_desc\":\"支付成功\",\"trade_type\":\"NATIVE\",\"result_code\":\"SUCCESS\",\"attach\":\"\",\"time_end\":\"20200618170633\",\"is_subscribe\":\"N\",\"return_code\":\"SUCCESS\"}', '0', '2020-06-18 17:04:52', '2020-06-18 17:04:52');
INSERT INTO `t_pay_log` VALUES ('1273565311636516865', '20200618183623289', '2020-06-18 18:36:46', '0.01', '4200000603202006183396102278', 'SUCCESS', '1', '{\"transaction_id\":\"4200000603202006183396102278\",\"nonce_str\":\"aGyv9ylCu0X6ACP8\",\"trade_state\":\"SUCCESS\",\"bank_type\":\"OTHERS\",\"openid\":\"oHwsHuMbkx1j2nBIthwY_g8bUVME\",\"sign\":\"39C1B4B18E88CE031CA4E6100299F910\",\"return_msg\":\"OK\",\"fee_type\":\"CNY\",\"mch_id\":\"1558950191\",\"cash_fee\":\"1\",\"out_trade_no\":\"20200618183623289\",\"cash_fee_type\":\"CNY\",\"appid\":\"wx74862e0dfcf69954\",\"total_fee\":\"1\",\"trade_state_desc\":\"支付成功\",\"trade_type\":\"NATIVE\",\"result_code\":\"SUCCESS\",\"attach\":\"\",\"time_end\":\"20200618183826\",\"is_subscribe\":\"N\",\"return_code\":\"SUCCESS\"}', '0', '2020-06-18 18:36:46', '2020-06-18 18:36:46');
INSERT INTO `t_pay_log` VALUES ('1273610711848366082', '20200618212519515', '2020-06-18 21:37:10', '0.01', '4200000608202006188431754508', 'SUCCESS', '1', '{\"transaction_id\":\"4200000608202006188431754508\",\"nonce_str\":\"zqPbYpurVLcOiRz5\",\"trade_state\":\"SUCCESS\",\"bank_type\":\"OTHERS\",\"openid\":\"oHwsHuMbkx1j2nBIthwY_g8bUVME\",\"sign\":\"F7BA606F55759511B9A32003EE14FCBE\",\"return_msg\":\"OK\",\"fee_type\":\"CNY\",\"mch_id\":\"1558950191\",\"cash_fee\":\"1\",\"out_trade_no\":\"20200618212519515\",\"cash_fee_type\":\"CNY\",\"appid\":\"wx74862e0dfcf69954\",\"total_fee\":\"1\",\"trade_state_desc\":\"支付成功\",\"trade_type\":\"NATIVE\",\"result_code\":\"SUCCESS\",\"attach\":\"\",\"time_end\":\"20200618213852\",\"is_subscribe\":\"N\",\"return_code\":\"SUCCESS\"}', '0', '2020-06-18 21:37:10', '2020-06-18 21:37:10');
INSERT INTO `t_pay_log` VALUES ('1275606832581861377', '20200624094845559', '2020-06-24 09:49:03', '0.01', '4200000609202006244741083155', 'SUCCESS', '1', '{\"transaction_id\":\"4200000609202006244741083155\",\"nonce_str\":\"VqdYb0kBDVts0P25\",\"trade_state\":\"SUCCESS\",\"bank_type\":\"OTHERS\",\"openid\":\"oHwsHuMbkx1j2nBIthwY_g8bUVME\",\"sign\":\"194C4412C6B71EA2E4CFAF73A37E894C\",\"return_msg\":\"OK\",\"fee_type\":\"CNY\",\"mch_id\":\"1558950191\",\"cash_fee\":\"1\",\"out_trade_no\":\"20200624094845559\",\"cash_fee_type\":\"CNY\",\"appid\":\"wx74862e0dfcf69954\",\"total_fee\":\"1\",\"trade_state_desc\":\"支付成功\",\"trade_type\":\"NATIVE\",\"result_code\":\"SUCCESS\",\"attach\":\"\",\"time_end\":\"20200624095048\",\"is_subscribe\":\"N\",\"return_code\":\"SUCCESS\"}', '0', '2020-06-24 09:49:03', '2020-06-24 09:49:03');
INSERT INTO `t_pay_log` VALUES ('1406533385042317314', '20210620164353956', '2021-06-20 08:44:26', '0.01', '4200001192202106204672560208', 'SUCCESS', '1', '{\"transaction_id\":\"4200001192202106204672560208\",\"nonce_str\":\"lc09N0oIYKh8cgLu\",\"trade_state\":\"SUCCESS\",\"bank_type\":\"OTHERS\",\"openid\":\"oHwsHuMbkx1j2nBIthwY_g8bUVME\",\"sign\":\"D96A72A1935F8C67D94538A83B0D7591\",\"return_msg\":\"OK\",\"fee_type\":\"CNY\",\"mch_id\":\"1558950191\",\"cash_fee\":\"1\",\"out_trade_no\":\"20210620164353956\",\"cash_fee_type\":\"CNY\",\"appid\":\"wx74862e0dfcf69954\",\"total_fee\":\"1\",\"trade_state_desc\":\"支付成功\",\"trade_type\":\"NATIVE\",\"result_code\":\"SUCCESS\",\"attach\":\"\",\"time_end\":\"20210620164425\",\"is_subscribe\":\"N\",\"return_code\":\"SUCCESS\"}', '0', '2021-06-20 08:44:26', '2021-06-20 08:44:26');
INSERT INTO `t_pay_log` VALUES ('1407855884283777026', '20210624081218384', '2021-06-24 08:19:34', '0.01', '4200001156202106247365033512', 'SUCCESS', '1', '{\"transaction_id\":\"4200001156202106247365033512\",\"nonce_str\":\"NRXiRxoSfkicD0gH\",\"trade_state\":\"SUCCESS\",\"bank_type\":\"OTHERS\",\"openid\":\"oHwsHuMbkx1j2nBIthwY_g8bUVME\",\"sign\":\"24F54B12D0DFA372CE9DF4CA6DE00886\",\"return_msg\":\"OK\",\"fee_type\":\"CNY\",\"mch_id\":\"1558950191\",\"cash_fee\":\"1\",\"out_trade_no\":\"20210624081218384\",\"cash_fee_type\":\"CNY\",\"appid\":\"wx74862e0dfcf69954\",\"total_fee\":\"1\",\"trade_state_desc\":\"支付成功\",\"trade_type\":\"NATIVE\",\"result_code\":\"SUCCESS\",\"attach\":\"\",\"time_end\":\"20210624081931\",\"is_subscribe\":\"N\",\"return_code\":\"SUCCESS\"}', '0', '2021-06-24 08:19:34', '2021-06-24 08:19:34');

-- ----------------------------
-- Table structure for `ucenter_member`
-- ----------------------------
DROP TABLE IF EXISTS `ucenter_member`;
CREATE TABLE `ucenter_member` (
  `id` char(50) NOT NULL COMMENT '会员id',
  `openid` varchar(128) DEFAULT NULL COMMENT '微信openid',
  `mobile` varchar(11) DEFAULT '' COMMENT '手机号',
  `password` varchar(255) DEFAULT NULL COMMENT '密码',
  `nickname` varchar(50) DEFAULT NULL COMMENT '昵称',
  `sex` tinyint unsigned DEFAULT NULL COMMENT '性别 1 女，2 男',
  `age` tinyint unsigned DEFAULT NULL COMMENT '年龄',
  `avatar` varchar(255) DEFAULT NULL COMMENT '用户头像',
  `sign` varchar(100) DEFAULT NULL COMMENT '用户签名',
  `is_disabled` tinyint(1) NOT NULL DEFAULT '0' COMMENT '是否禁用 1（true）已禁用，  0（false）未禁用',
  `is_deleted` tinyint(1) NOT NULL DEFAULT '0' COMMENT '逻辑删除 1（true）已删除， 0（false）未删除',
  `gmt_create` datetime NOT NULL COMMENT '创建时间',
  `gmt_modified` datetime NOT NULL COMMENT '更新时间',
  PRIMARY KEY (`id`)
) ENGINE=MyISAM DEFAULT CHARSET=utf8mb3;

-- ----------------------------
-- Records of ucenter_member
-- ----------------------------
INSERT INTO `ucenter_member` VALUES ('1', null, '13700000001', '96e79218965eb72c92a549dd5a330112', '小三123', '1', '5', 'http://thirdwx.qlogo.cn/mmopen/vi_32/DYAIOgq83eoj0hHXhgJNOTSOFsS4uZs8x1ConecaVOB8eIl115xmJZcT4oCicvia7wMEufibKtTLqiaJeanU2Lpg3w/132', null, '0', '0', '2019-01-01 12:11:33', '2019-11-08 11:56:01');
INSERT INTO `ucenter_member` VALUES ('1080736474267144193', null, '13700000011', '96e79218965eb72c92a549dd5a330112', '用户XJtDfaYeKk', '1', '19', 'http://thirdwx.qlogo.cn/mmopen/vi_32/DYAIOgq83eoj0hHXhgJNOTSOFsS4uZs8x1ConecaVOB8eIl115xmJZcT4oCicvia7wMEufibKtTLqiaJeanU2Lpg3w/132', null, '0', '0', '2019-01-02 12:12:45', '2019-01-02 12:12:56');
INSERT INTO `ucenter_member` VALUES ('1080736474355224577', null, '13700000002', '96e79218965eb72c92a549dd5a330112', '用户wUrNkzAPrc', '1', '27', 'http://thirdwx.qlogo.cn/mmopen/vi_32/DYAIOgq83eoj0hHXhgJNOTSOFsS4uZs8x1ConecaVOB8eIl115xmJZcT4oCicvia7wMEufibKtTLqiaJeanU2Lpg3w/132', null, '0', '0', '2019-01-02 12:13:56', '2019-01-02 12:14:07');
INSERT INTO `ucenter_member` VALUES ('1086387099449442306', null, '13520191388', '96e79218965eb72c92a549dd5a330112', '用户XTMUeHDAoj', '2', '20', 'http://thirdwx.qlogo.cn/mmopen/vi_32/DYAIOgq83eoj0hHXhgJNOTSOFsS4uZs8x1ConecaVOB8eIl115xmJZcT4oCicvia7wMEufibKtTLqiaJeanU2Lpg3w/132', null, '0', '0', '2019-01-19 06:17:23', '2019-01-19 06:17:23');
INSERT INTO `ucenter_member` VALUES ('1086387099520745473', null, '13520191389', '96e79218965eb72c92a549dd5a330112', '用户vSdKeDlimn', '1', '21', 'http://thirdwx.qlogo.cn/mmopen/vi_32/DYAIOgq83eoj0hHXhgJNOTSOFsS4uZs8x1ConecaVOB8eIl115xmJZcT4oCicvia7wMEufibKtTLqiaJeanU2Lpg3w/132', null, '0', '0', '2019-01-19 06:17:23', '2019-01-19 06:17:23');
INSERT INTO `ucenter_member` VALUES ('1086387099608825858', null, '13520191381', '96e79218965eb72c92a549dd5a330112', '用户EoyWUVXQoP', '1', '18', 'http://thirdwx.qlogo.cn/mmopen/vi_32/DYAIOgq83eoj0hHXhgJNOTSOFsS4uZs8x1ConecaVOB8eIl115xmJZcT4oCicvia7wMEufibKtTLqiaJeanU2Lpg3w/132', null, '0', '0', '2019-01-19 06:17:23', '2019-01-19 06:17:23');
INSERT INTO `ucenter_member` VALUES ('1086387099701100545', null, '13520191382', '96e79218965eb72c92a549dd5a330112', '用户LcAYbxLNdN', '2', '24', 'http://thirdwx.qlogo.cn/mmopen/vi_32/DYAIOgq83eoj0hHXhgJNOTSOFsS4uZs8x1ConecaVOB8eIl115xmJZcT4oCicvia7wMEufibKtTLqiaJeanU2Lpg3w/132', null, '0', '0', '2019-01-19 06:17:23', '2019-01-19 06:17:23');
INSERT INTO `ucenter_member` VALUES ('1086387099776598018', null, '13520191383', '96e79218965eb72c92a549dd5a330112', '用户dZdjcgltnk', '2', '25', 'http://thirdwx.qlogo.cn/mmopen/vi_32/DYAIOgq83eoj0hHXhgJNOTSOFsS4uZs8x1ConecaVOB8eIl115xmJZcT4oCicvia7wMEufibKtTLqiaJeanU2Lpg3w/132', null, '0', '0', '2019-01-19 06:17:23', '2019-01-19 06:17:23');
INSERT INTO `ucenter_member` VALUES ('1086387099852095490', null, '13520191384', '96e79218965eb72c92a549dd5a330112', '用户wNHGHlxUwX', '2', '23', 'http://thirdwx.qlogo.cn/mmopen/vi_32/DYAIOgq83eoj0hHXhgJNOTSOFsS4uZs8x1ConecaVOB8eIl115xmJZcT4oCicvia7wMEufibKtTLqiaJeanU2Lpg3w/132', null, '0', '0', '2019-01-19 06:17:23', '2019-01-19 06:17:23');
INSERT INTO `ucenter_member` VALUES ('1106746895272849410', 'o1R-t5u2TfEVeVjO9CPGdHPNw-to', null, null, '檀梵\'', null, null, 'http://thirdwx.qlogo.cn/mmopen/vi_32/zZfLXcetf2Rpsibq6HbPUWKgWSJHtha9y1XBeaqluPUs6BYicW1FJaVqj7U3ozHd3iaodGKJOvY2PvqYTuCKwpyfQ/132', null, '0', '0', '2019-03-16 10:39:57', '2019-03-16 10:39:57');
INSERT INTO `ucenter_member` VALUES ('1106822699956654081', null, null, null, null, null, null, 'http://thirdwx.qlogo.cn/mmopen/vi_32/DYAIOgq83eoj0hHXhgJNOTSOFsS4uZs8x1ConecaVOB8eIl115xmJZcT4oCicvia7wMEufibKtTLqiaJeanU2Lpg3w/132', null, '0', '0', '2019-03-16 15:41:10', '2019-03-16 15:41:10');
INSERT INTO `ucenter_member` VALUES ('1106823035660357634', 'o1R-t5i4gENwHYRb5lVFy98Z0bdk', null, null, 'GaoSir', null, null, 'http://thirdwx.qlogo.cn/mmopen/vi_32/Q0j4TwGTfTJI53RcCuc1no02os6ZrattWGiazlPnicoZQ59zkS7phNdLEWUPDk8fzoxibAnXV1Sbx0trqXEsGhXPw/132', null, '0', '0', '2019-03-16 15:42:30', '2019-03-16 15:42:30');
INSERT INTO `ucenter_member` VALUES ('1106823041599492098', null, null, null, null, null, null, 'http://thirdwx.qlogo.cn/mmopen/vi_32/DYAIOgq83eoj0hHXhgJNOTSOFsS4uZs8x1ConecaVOB8eIl115xmJZcT4oCicvia7wMEufibKtTLqiaJeanU2Lpg3w/132', null, '0', '0', '2019-03-16 15:42:32', '2019-03-16 15:42:32');
INSERT INTO `ucenter_member` VALUES ('1106823115788341250', 'o1R-t5l_3rnbZbn4jWwFdy6Gk6cg', null, null, '换个网名哇、', null, null, 'http://thirdwx.qlogo.cn/mmopen/vi_32/jJHyeM0EN2jhB70LntI3k8fEKe7W6CwykrKMgDJM4VZqCpcxibVibX397p0vmbKURGkLS4jxjGB0GpZfxCicgt07w/132', null, '0', '0', '2019-03-16 15:42:49', '2019-03-16 15:42:49');
INSERT INTO `ucenter_member` VALUES ('1106826046730227714', 'o1R-t5gyxumyBqt0CWcnh0S6Ya1g', null, null, '我是Helen', null, null, 'http://thirdwx.qlogo.cn/mmopen/vi_32/Q0j4TwGTfTKDRfib8wy7A2ltERKh4VygxdjVC1x5OaOb1t9hot4JNt5agwaVLdJLcD9vJCNcxkvQnlvLYIPfrZw/132', null, '0', '0', '2019-03-16 15:54:28', '2019-03-16 15:54:28');
INSERT INTO `ucenter_member` VALUES ('1106828185829490690', 'o1R-t5nNlou5lRwBVgGNJFm4rbc4', null, null, ' 虎头', null, null, 'http://thirdwx.qlogo.cn/mmopen/vi_32/Q0j4TwGTfTKxCqRzuYWQmpwiaqQEjNxbC7WicebicXQusU306jgmfoOzUcFg1qaDq5BStiblwBjw5dUOblQ2gUicQOQ/132', null, '0', '0', '2019-03-16 16:02:58', '2019-03-16 16:02:58');
INSERT INTO `ucenter_member` VALUES ('1106830599651442689', 'o1R-t5hZHQB1cbX7HZJsiM727_SA', null, null, '是吴啊', null, null, 'http://thirdwx.qlogo.cn/mmopen/vi_32/Q0j4TwGTfTJ9CsqApybcs7f3Dyib9IxIh0sBqJb7LicbjU4WticJFF0PVwFvHgtbFdBwfmk3H2t3NyqmEmVx17tRA/132', null, '0', '0', '2019-03-16 16:12:34', '2019-03-16 16:12:34');
INSERT INTO `ucenter_member` VALUES ('1106830976199278593', 'o1R-t5meKOoyEJ3-IhWRCBKFcvzU', null, null, '我才是Helen', null, null, 'http://thirdwx.qlogo.cn/mmopen/vi_32/DYAIOgq83epMicP9UT6mVjYWdno0OJZkOXiajG0sllJTbGJ9DYiceej2XvbDSGCK8LCF7jv1PuG2uoYlePWic9XO8A/132', null, '0', '0', '2019-03-16 16:14:03', '2019-03-16 16:14:03');
INSERT INTO `ucenter_member` VALUES ('1106831936900415490', 'o1R-t5jXYSWakGtnUBnKbfVT5Iok', null, null, '文若姬', null, null, 'http://thirdwx.qlogo.cn/mmopen/vi_32/3HEmJwpSzguqqAyzmBwqT6aicIanswZibEOicQInQJI3ZY1qmu59icJC6N7SahKqWYv24GvX5KH2fibwt0mPWcTJ3fg/132', null, '0', '0', '2019-03-16 16:17:52', '2019-03-16 16:17:52');
INSERT INTO `ucenter_member` VALUES ('1106832491064442882', 'o1R-t5sud081Qsa2Vb2xSKgGnf_g', null, null, 'Peanut', null, null, 'http://thirdwx.qlogo.cn/mmopen/vi_32/DYAIOgq83eoj0hHXhgJNOTSOFsS4uZs8x1ConecaVOB8eIl115xmJZcT4oCicvia7wMEufibKtTLqiaJeanU2Lpg3w/132', null, '0', '0', '2019-03-16 16:20:04', '2019-03-16 16:20:04');
INSERT INTO `ucenter_member` VALUES ('1106833021442510849', 'o1R-t5lsGc3I8P5bDpHj7m_AIRvQ', null, null, '食物链终结者', null, null, 'http://thirdwx.qlogo.cn/mmopen/vi_32/MQ7qUmCprK9am16M1Ia1Cs3RK0qiarRrl9y8gsssBjIZeS2GwKSrnq7ZYhmrzuzDwBxSMMAofrXeLic9IBlW4M3Q/132', null, '0', '0', '2019-03-16 16:22:11', '2019-03-16 16:22:11');
INSERT INTO `ucenter_member` VALUES ('1191600824445046786', null, '15210078344', '96e79218965eb72c92a549dd5a330112', 'IT妖姬', '1', '5', 'http://thirdwx.qlogo.cn/mmopen/vi_32/DYAIOgq83eoj0hHXhgJNOTSOFsS4uZs8x1ConecaVOB8eIl115xmJZcT4oCicvia7wMEufibKtTLqiaJeanU2Lpg3w/132', null, '0', '0', '2019-11-05 14:19:10', '2019-11-08 18:04:43');
INSERT INTO `ucenter_member` VALUES ('1191616288114163713', null, '17866603606', '96e79218965eb72c92a549dd5a330112', 'xiaowu', null, null, 'http://thirdwx.qlogo.cn/mmopen/vi_32/DYAIOgq83eoj0hHXhgJNOTSOFsS4uZs8x1ConecaVOB8eIl115xmJZcT4oCicvia7wMEufibKtTLqiaJeanU2Lpg3w/132', null, '0', '0', '2019-11-05 15:20:37', '2019-11-05 15:20:37');
INSERT INTO `ucenter_member` VALUES ('1195187659054329857', null, '15010546384', '96e79218965eb72c92a549dd5a330112', 'qy', null, null, 'http://thirdwx.qlogo.cn/mmopen/vi_32/DYAIOgq83eoj0hHXhgJNOTSOFsS4uZs8x1ConecaVOB8eIl115xmJZcT4oCicvia7wMEufibKtTLqiaJeanU2Lpg3w/132', null, '0', '0', '2019-11-15 11:51:58', '2019-11-15 11:51:58');
INSERT INTO `ucenter_member` VALUES ('1269582462814130178', null, '15610718231', '96e79218965eb72c92a549dd5a330112', '位庆斌', null, null, null, null, '0', '0', '2020-06-07 18:50:21', '2020-06-07 18:50:21');
INSERT INTO `ucenter_member` VALUES ('1269628173660327939', null, '15610718233', '96e79218965eb72c92a549dd5a330112', 'wei', null, null, 'https://edu-gulixy.oss-cn-beijing.aliyuncs.com/2020/05/23/3426214798d94f918a3e9e887df45087file.png', null, '0', '0', '2020-06-07 21:51:59', '2020-06-07 21:51:59');
INSERT INTO `ucenter_member` VALUES ('1269628173660327938', null, '15610718234', '96e79218965eb72c92a549dd5a330112', 'wei', null, null, null, null, '0', '0', '2020-06-07 21:51:59', '2020-06-07 21:51:59');
INSERT INTO `ucenter_member` VALUES ('1271626845541617665', null, '15610718239', '96e79218965eb72c92a549dd5a330112', '哈哈', null, null, null, null, '0', '0', '2020-06-13 10:14:00', '2020-06-13 10:14:00');
INSERT INTO `ucenter_member` VALUES ('1271627051477749761', null, '15610718237', '96e79218965eb72c92a549dd5a330112', '哈哈', null, null, 'https://guli-file-190513.oss-cn-beijing.aliyuncs.com/avatar/default.jpg', null, '0', '0', '2020-06-13 10:14:49', '2020-06-13 10:14:49');
INSERT INTO `ucenter_member` VALUES ('1271675973533421570', null, '', null, null, null, null, null, null, '0', '0', '2020-06-13 13:29:13', '2020-06-13 13:29:13');
INSERT INTO `ucenter_member` VALUES ('o3_SC5zsEZeFFfHqc4YXS8H9Ek9s', null, '15610715478', '96e79218965eb72c92a549dd5a330112', '且听风吟', null, null, 'http://thirdwx.qlogo.cn/mmopen/vi_32/Q0j4TwGTfTKy4ibhHIMohQLQ4Qia8vefN9gyicHKLuUjvBEGibiaoGBEvxEbnanelCsRoUObRRqFSwpOSWzpUQw2icrA/132', null, '0', '0', '2020-06-13 13:30:55', '2020-06-13 13:30:55');
INSERT INTO `ucenter_member` VALUES ('o3_SC54BtmE6mQtjVyzPi3Ciyhp0', null, '', null, '凉城予梦', null, null, 'http://thirdwx.qlogo.cn/mmopen/vi_32/PiajxSqBRaEIhuCiaE3QKU2xAZD57c1w8hRJy8IPqoOamW5G8AvVRwxNYZ1oaT9icXaAGAhnNGM3JrU8E63xddnlw/132', null, '0', '0', '2020-06-17 10:09:30', '2020-06-17 10:09:30');
INSERT INTO `ucenter_member` VALUES ('1287287067261943810', null, '17862665847', '96e79218965eb72c92a549dd5a330112', 'wei', null, null, 'http://thirdwx.qlogo.cn/mmopen/vi_32/Q0j4TwGTfTKy4ibhHIMohQLQ4Qia8vefN9gyicHKLuUjvBEGibiaoGBEvxEbnanelCsRoUObRRqFSwpOSWzpUQw2icrA/132', null, '0', '0', '2020-07-26 15:22:08', '2020-07-26 15:22:08');
INSERT INTO `ucenter_member` VALUES ('1407669524230959106', null, '15610718235', '96e79218965eb72c92a549dd5a330112', '哈哈', null, null, 'http://thirdwx.qlogo.cn/mmopen/vi_32/Q0j4TwGTfTKy4ibhHIMohQLQ4Qia8vefN9gyicHKLuUjvBEGibiaoGBEvxEbnanelCsRoUObRRqFSwpOSWzpUQw2icrA/132', null, '0', '0', '2021-06-23 11:59:02', '2021-06-23 11:59:02');
